Area_Name,State,Cardiovascular Deaths Per 100K,,
San Miguel,CO,93.8,  ,
Kusilvak,AK,98.4,  ,
Oglala Lakota,SD,119,  ,
Pitkin,CO,124.5,  ,
Aleutians East,AK,125.2,  ,
Summit,CO,161.6,  ,
Eagle,CO,164.6,  ,
Aleutians West,AK,172.2,  ,
Teton,WY,203.3,  ,
Lake,CO,205.8,  ,
Ouray,CO,208.4,  ,
Skagway,AK,210.5,  ,
Routt,CO,218,  ,
Grand,CO,221.4,  ,
Manassas Park,VA,225.3,  ,
Blaine,ID,231,  ,
Douglas,CO,233.1,  ,
Yabucoa,PR,234.5,  ,
Valley,ID,239.2,  ,
San Juan,WA,239.9,  ,
Marin,CA,241.6,  ,
Vega Alta,PR,242.2,  ,
Fairfax County,VA,245.9,  ,
Hatillo,PR,246.2,  ,
Barranquitas,PR,250.8,  ,
Ceiba,PR,251.6,  ,
Gunnison,CO,253.7,  ,
Collier,FL,254.3,  ,
Las Piedras,PR,255.2,  ,
Gurabo,PR,255.4,  ,
Falls Church,VA,256.6,  ,
Camuy,PR,256.7,  ,
Beaufort,SC,256.9,  ,
Quebradillas,PR,257,  ,
San Lorenzo,PR,257.5,  ,
Juncos,PR,258.1,  ,
Corozal,PR,258.6,  ,
Toa Alta,PR,259,  ,
Carolina,PR,261.6,  ,
Luquillo,PR,261.8,  ,
Cayey,PR,262.2,  ,
Arlington,VA,262.6,  ,
Canóvanas,PR,262.7,  ,
Loudoun,VA,263,  ,
Aguas Buenas,PR,263.4,  ,
Trujillo Alto,PR,263.9,  ,
Guaynabo,PR,264.7,  ,
Loiza,PR,265.7,  ,
Naranjito,PR,266,  ,
Cidra,PR,266,  ,
Rio Grande,PR,267.8,  ,
Humacao,PR,269.2,  ,
Park,CO,269.9,  ,
Montgomery,MD,271.8,  ,
Naguabo,PR,271.8,  ,
Dakota,MN,273,  ,
Arecibo,PR,273.3,  ,
Rincón,PR,273.6,  ,
Broomfield,CO,273.8,  ,
Vieques,PR,273.9,  ,
Morovis,PR,274,  ,
Costilla,CO,274.5,  ,
Anoka,MN,275.3,  ,
Caguas,PR,276.6,  ,
Mayaguez,PR,277.1,  ,
Santa Fe,NM,277.1,  ,
Utuado,PR,277.3,  ,
Carver,MN,278.3,  ,
Washington,MN,278.3,  ,
San Juan,PR,278.8,  ,
Taos,NM,279.1,  ,
Stearns,MN,279.3,  ,
Sarasota,FL,281.2,  ,
Maricao,PR,281.9,  ,
Orange,NC,282.7,  ,
Mono,CA,283.2,  ,
Boulder,CO,283.3,  ,
Mora,NM,283.7,  ,
Toa Baja,PR,284.3,  ,
Albemarle,VA,284.9,  ,
Sioux,IA,285.2,  ,
Patillas,PR,285.4,  ,
Añasco,PR,286.1,  ,
Cataño,PR,286.9,  ,
Ciales,PR,287.2,  ,
San Juan,CO,287.3,  ,
Chatham,NC,287.4,  ,
Guayama,PR,287.4,  ,
Dorado,PR,287.8,  ,
Aguada,PR,288,  ,
Florida,PR,288.3,  ,
Hormigueros,PR,288.3,  ,
Lincoln,SD,288.5,  ,
Cherry,NE,288.9,  ,
Comerio,PR,289.1,  ,
Isabela,PR,289.1,  ,
Barceloneta,PR,289.3,  ,
Hennepin,MN,289.6,  ,
Clear Creek,CO,290.4,  ,
Scott,MN,290.6,  ,
Salinas,PR,291.1,  ,
Prince William,VA,293.1,  ,
Bayamón,PR,293.2,  ,
Presidio,TX,293.8,  ,
Washington,UT,294.5,  ,
Manati,PR,295.7,  ,
Cabo Rojo,PR,296.6,  ,
Sherburne,MN,296.7,  ,
Monterey,CA,297,  ,
Alexandria,VA,297,  ,
Garfield,CO,297.6,  ,
Morrison,MN,298.5,  ,
San Sebastian,PR,298.5,  ,
Kandiyohi,MN,298.6,  ,
Los Alamos,NM,298.7,  ,
Moca,PR,298.8,  ,
Hubbard,MN,298.9,  ,
San Francisco,CA,299.3,  ,
Santa Clara,CA,299.5,  ,
Lee,FL,299.7,  ,
San Mateo,CA,299.9,  ,
San Germán,PR,300.3,  ,
Custer,ID,300.9,  ,
Orocovis,PR,301.1,  ,
Jackson,CO,301.6,  ,
Middlesex,MA,301.8,  ,
Arroyo,PR,301.8,  ,
Fajardo,PR,302,  ,
Santa Cruz,CA,302.2,  ,
Kalawao,HI,302.8,  ,
St. Johns,FL,304.3,  ,
Howard,MD,305,  ,
Vega Baja,PR,305.3,  ,
Wright,MN,306.1,  ,
Suffolk,MA,306.3,  ,
Chelan,WA,308.5,  ,
Benton,OR,309,  ,
Todd,MN,309.5,  ,
Larimer,CO,309.6,  ,
Maui,HI,310.2,  ,
Kearny,KS,310.3,  ,
Williamsburg,VA,310.4,  ,
Charlotte,FL,311.2,  ,
King,WA,311.3,  ,
Sibley,MN,311.5,  ,
Chaffee,CO,311.9,  ,
York,VA,312.2,  ,
Aguadilla,PR,312.6,  ,
Scott,KS,312.7,  ,
Madison,MT,312.7,  ,
Cook,MN,312.8,  ,
Norfolk,MA,313.1,  ,
Cass,ND,313.4,  ,
Dane,WI,313.6,  ,
Washington,OR,313.9,  ,
Olmsted,MN,314.2,  ,
Arapahoe,CO,314.2,  ,
Lane,KS,314.9,  ,
Lemhi,ID,314.9,  ,
Crow Wing,MN,315.2,  ,
Pinal,AZ,315.5,  ,
San Juan,UT,315.5,  ,
Gilpin,CO,315.7,  ,
Culebra,PR,316.2,  ,
Maunabo,PR,316.2,  ,
Brown,MN,316.4,  ,
Lake,IL,316.6,  ,
Finney,KS,316.8,  ,
Rio Blanco,CO,317,  ,
Kauai,HI,317,  ,
Martin,FL,317.4,  ,
Plymouth,IA,318,  ,
Glades,FL,318.5,  ,
Waukesha,WI,318.8,  ,
Dolores,CO,318.9,  ,
St. Croix,WI,319.2,  ,
Teller,CO,319.4,  ,
Rappahannock,VA,319.5,  ,
Thomas,NE,319.6,  ,
Travis,TX,319.7,  ,
Summit,UT,319.8,  ,
Camas,ID,319.8,  ,
Union,SD,320,  ,
Hinsdale,CO,320.2,  ,
Stanley,SD,320.5,  ,
Chittenden,VT,321.7,  ,
Colfax,NM,322.3,  ,
Dukes,MA,323.1,  ,
Adams,ID,323.3,  ,
Aibonito,PR,323.7,  ,
Cass,MN,323.8,  ,
Kendall,IL,324,  ,
Hunterdon,NJ,324.1,  ,
Leelanau,MI,324.2,  ,
Mills,IA,324.8,  ,
Ward,ND,324.9,  ,
Fayette,GA,325.4,  ,
Collin,TX,325.4,  ,
Jeff Davis,TX,325.9,  ,
Manatee,FL,326.2,  ,
Lyon,MN,326.3,  ,
Indian River,FL,326.4,  ,
Custer,CO,326.5,  ,
Las Marias,PR,326.5,  ,
Newport,RI,326.6,  ,
Watauga,NC,326.7,  ,
Fort Bend,TX,327.2,  ,
Klickitat,WA,327.4,  ,
Lajas,PR,328,  ,
Williamson,TX,328.5,  ,
Ramsey,MN,328.8,  ,
Contra Costa,CA,328.8,  ,
York,ME,328.9,  ,
Columbia,GA,329.2,  ,
Polk,OR,329.5,  ,
Becker,MN,329.6,  ,
Fairfield,CT,329.7,  ,
Transylvania,NC,330,  ,
Brewster,TX,330,  ,
Bergen,NJ,330.1,  ,
Saguache,CO,330.1,  ,
Denali,AK,330.1,  ,
Nicollet,MN,330.2,  ,
Rio Arriba,NM,330.5,  ,
Palm Beach,FL,330.5,  ,
Matanuska-Susitna,AK,330.8,  ,
New York,NY,330.8,  ,
Coconino,AZ,331.1,  ,
Meeker,MN,331.6,  ,
DeSoto,FL,331.7,  ,
Wabasha,MN,331.8,  ,
Boise,ID,332.1,  ,
Santa Cruz,AZ,332.3,  ,
Carbon,MT,332.4,  ,
Gallatin,MT,332.6,  ,
Rice,MN,332.6,  ,
Idaho,ID,332.6,  ,
Teton,ID,332.6,  ,
Adjuntas,PR,332.6,  ,
Park,MT,332.7,  ,
Durham,NC,333.3,  ,
Haines,AK,333.3,  ,
Alameda,CA,333.4,  ,
Essex,MA,333.9,  ,
Dallas,IA,334.1,  ,
Sioux,NE,334.2,  ,
Douglas,NV,334.4,  ,
Ziebach,SD,334.5,  ,
Champaign,IL,334.9,  ,
Jefferson,WA,335,  ,
James City,VA,335.4,  ,
Denton,TX,335.6,  ,
Elbert,CO,335.8,  ,
Anchorage,AK,335.9,  ,
Story,IA,335.9,  ,
Clay,MN,336.1,  ,
Sumter,FL,336.2,  ,
Whatcom,WA,336.2,  ,
Weld,CO,336.4,  ,
Hettinger,ND,336.5,  ,
Pueblo,CO,336.7,  ,
Clallam,WA,336.9,  ,
Sabana Grande,PR,337,  ,
DuPage,IL,337,  ,
Clackamas,OR,337.7,  ,
Chisago,MN,337.7,  ,
Douglas,MN,337.8,  ,
Le Sueur,MN,338,  ,
Sully,SD,338,  ,
Renville,MN,338.2,  ,
Honolulu,HI,338.3,  ,
Washington,CO,338.5,  ,
El Dorado,CA,338.7,  ,
Grand Isle,VT,338.8,  ,
Somerset,NJ,339,  ,
Wake,NC,339.4,  ,
Campbell,SD,339.5,  ,
Douglas,WA,339.8,  ,
Juneau,AK,339.8,  ,
Kit Carson,CO,340,  ,
Cumberland,ME,340,  ,
Mecklenburg,NC,340.7,  ,
Iron,UT,340.9,  ,
Santa Barbara,CA,341,  ,
Placer,CA,341.2,  ,
Sweet Grass,MT,341.3,  ,
Sarpy,NE,341.6,  ,
Valdez-Cordova,AK,341.6,  ,
Jackson,OR,341.7,  ,
Deschutes,OR,342,  ,
Steele,ND,342,  ,
Moffat,CO,342,  ,
Chase,NE,342.1,  ,
Oliver,ND,342.2,  ,
McLean,ND,342.5,  ,
Burleigh,ND,343.2,  ,
Gwinnett,GA,343.5,  ,
La Crosse,WI,343.5,  ,
Forsyth,GA,343.8,  ,
Yuma,AZ,344.2,  ,
Grand,UT,344.4,  ,
Sublette,WY,344.5,  ,
Nantucket,MA,344.6,  ,
Pope,MN,344.6,  ,
Keith,NE,344.7,  ,
Napa,CA,344.7,  ,
Barnstable,MA,345.3,  ,
Plymouth,MA,345.5,  ,
Sheridan,ND,345.5,  ,
Mineral,CO,345.5,  ,
Albany,WY,345.6,  ,
Traill,ND,345.9,  ,
Essex,NY,346,  ,
Slope,ND,346.4,  ,
Talbot,MD,346.8,  ,
Washington,RI,346.8,  ,
Juana Diaz,PR,347.1,  ,
Doña Ana,NM,347.3,  ,
Daggett,UT,347.4,  ,
Fauquier,VA,347.6,  ,
Clearwater,MN,347.7,  ,
Benton,MN,347.7,  ,
Lares,PR,347.8,  ,
Alachua,FL,347.9,  ,
Hamilton,IN,348.3,  ,
Wichita,KS,348.5,  ,
McLeod,MN,348.6,  ,
Rockland,NY,348.6,  ,
Livingston,NY,348.9,  ,
Blue Earth,MN,348.9,  ,
Laramie,WY,349,  ,
Hidalgo,TX,349.3,  ,
Norman,MN,349.3,  ,
Sandoval,NM,349.4,  ,
Stevens,KS,349.4,  ,
Logan,KS,349.6,  ,
Lincoln,CO,349.6,  ,
Winnebago,WI,349.6,  ,
Portage,WI,349.8,  ,
Sonoma,CA,349.8,  ,
Broadwater,MT,349.8,  ,
Snohomish,WA,349.9,  ,
Carroll,NH,350,  ,
Barnes,ND,350.4,  ,
Yellow Medicine,MN,350.4,  ,
Island,WA,350.4,  ,
Morris,NJ,350.5,  ,
New London,CT,351,  ,
Sheridan,KS,351.2,  ,
Hays,TX,351.2,  ,
Middlesex,CT,351.3,  ,
Maricopa,AZ,351.7,  ,
Steele,MN,351.7,  ,
Skamania,WA,351.7,  ,
Kane,IL,352,  ,
Thurston,WA,352.2,  ,
Walworth,SD,352.2,  ,
Hoonah-Angoon,AK,352.3,  ,
Benzie,MI,352.5,  ,
Potter,SD,352.5,  ,
Wrangell,AK,352.6,  ,
Nevada,CA,352.8,  ,
Cheyenne,CO,353,  ,
Gove,KS,353.1,  ,
Union,NC,353.1,  ,
La Plata,CO,353.2,  ,
Pinellas,FL,353.2,  ,
Rockingham,VA,353.4,  ,
Denver,CO,353.5,  ,
Archuleta,CO,353.6,  ,
Park,WY,353.7,  ,
McPherson,NE,353.8,  ,
Henderson,NC,353.8,  ,
Kittitas,WA,353.9,  ,
Fairfax City,VA,354,  ,
Delaware,OH,354,  ,
Kanabec,MN,354,  ,
San Benito,CA,354.1,  ,
Prince George,VA,354.2,  ,
Shenandoah,VA,354.3,  ,
Franklin,WA,354.3,  ,
Goshen,WY,354.3,  ,
Hancock,ME,354.5,  ,
Westchester,NY,354.8,  ,
San Juan,NM,354.9,  ,
LaMoure,ND,354.9,  ,
Orange,CA,354.9,  ,
Ketchikan Gateway,AK,354.9,  ,
Morgan,CO,354.9,  ,
Bucks,PA,355,  ,
Burke,ND,355.1,  ,
Madison,NY,355.1,  ,
Cass,NE,355.4,  ,
Monroe,NY,355.5,  ,
Ozaukee,WI,355.5,  ,
Moore,NC,355.6,  ,
Itasca,MN,355.6,  ,
Lake,MN,355.8,  ,
Goodhue,MN,355.9,  ,
Santa Isabel,PR,355.9,  ,
Pembina,ND,356.1,  ,
Beltrami,MN,356.2,  ,
Jefferson,CO,356.2,  ,
Washington,TX,356.2,  ,
Thomas,KS,356.5,  ,
Grafton,NH,356.5,  ,
Perkins,NE,356.6,  ,
Lane,OR,356.6,  ,
Lincoln,ID,356.9,  ,
Isanti,MN,357.1,  ,
Williamson,TN,357.1,  ,
Ravalli,MT,357.3,  ,
Rockingham,NH,357.3,  ,
Meagher,MT,357.4,  ,
Beaverhead,MT,357.7,  ,
McIntosh,ND,357.7,  ,
Augusta,VA,357.7,  ,
Platte,WY,357.9,  ,
Blanco,TX,358,  ,
Swift,MN,358,  ,
Hartford,CT,358,  ,
Aitkin,MN,358.1,  ,
Dakota,NE,358.6,  ,
Kidder,ND,358.6,  ,
Ontario,NY,358.7,  ,
Oxford,ME,358.7,  ,
Yavapai,AZ,358.7,  ,
Lamoille,VT,358.8,  ,
Power,ID,358.9,  ,
Yolo,CA,359,  ,
Pine,MN,359,  ,
Stark,ND,359.4,  ,
Cheyenne,KS,359.6,  ,
Lyon,IA,360,  ,
San Diego,CA,360,  ,
Ottawa,MI,360,  ,
Skagit,WA,360.1,  ,
Montezuma,CO,360.2,  ,
Sherman,KS,360.2,  ,
Columbia,WA,360.3,  ,
Koochiching,MN,360.4,  ,
Lincoln,OR,360.5,  ,
Lafayette,WI,360.5,  ,
Cuming,NE,360.6,  ,
Montrose,CO,360.6,  ,
Kimball,NE,360.7,  ,
Lincoln,NE,360.8,  ,
King George,VA,360.9,  ,
Jessamine,KY,361.3,  ,
Geauga,OH,361.4,  ,
Gray,KS,361.7,  ,
Tolland,CT,361.7,  ,
Monroe,FL,361.8,  ,
Lancaster,NE,361.8,  ,
Sheridan,MT,361.8,  ,
Fluvanna,VA,361.8,  ,
Walla Walla,WA,361.9,  ,
Jayuya,PR,361.9,  ,
Guayanilla,PR,361.9,  ,
Highland,VA,362,  ,
Phelps,NE,362.1,  ,
Ashe,NC,362.1,  ,
Pima,AZ,362.1,  ,
Hayes,NE,362.4,  ,
McKinley,NM,362.4,  ,
Richland,ND,362.4,  ,
Tompkins,NY,362.6,  ,
Lewis and Clark,MT,362.6,  ,
Kodiak Island,AK,362.7,  ,
Wallace,KS,362.7,  ,
St. Lucie,FL,362.8,  ,
DeKalb,GA,362.8,  ,
St. Louis,MN,362.8,  ,
Morrow,OR,363,  ,
Saunders,NE,363.1,  ,
Banner,NE,363.1,  ,
Adams,CO,363.2,  ,
Phillips,CO,363.4,  ,
Niobrara,WY,363.4,  ,
Sherman,NE,363.5,  ,
Dawson,NE,363.6,  ,
Ventura,CA,363.6,  ,
Jones,IA,363.7,  ,
Camden,MO,363.7,  ,
Millard,UT,363.8,  ,
Butte,SD,363.9,  ,
Logan,CO,364,  ,
Hampshire,MA,364.1,  ,
Cavalier,ND,364.4,  ,
Billings,ND,364.6,  ,
Tillamook,OR,364.6,  ,
Watonwan,MN,364.7,  ,
Yukon-Koyukuk,AK,365,  ,
Linn,IA,365,  ,
Dodge,NE,365.1,  ,
Kittson,MN,365.2,  ,
Pierce,WI,365.2,  ,
Green,WI,365.2,  ,
Putnam,NY,365.4,  ,
Grant,NM,365.9,  ,
Douglas,NE,365.9,  ,
Waseca,MN,366,  ,
Pennington,MN,366.1,  ,
Scotts Bluff,NE,366.1,  ,
Fallon,MT,366.2,  ,
Gilliam,OR,366.6,  ,
Stevens,MN,366.9,  ,
Clayton,IA,366.9,  ,
El Paso,TX,367,  ,
Cumberland,VA,367.1,  ,
Rockbridge,VA,367.3,  ,
Imperial,CA,367.4,  ,
Houston,MN,367.5,  ,
Hillsborough,NH,367.5,  ,
Lake of the Woods,MN,367.7,  ,
Meade,SD,367.7,  ,
Rich,UT,367.9,  ,
McHenry,ND,368,  ,
Wilkin,MN,368.1,  ,
Hudspeth,TX,368.1,  ,
Lewis,ID,368.2,  ,
Wood,WI,368.5,  ,
Clark,WA,368.6,  ,
Virginia Beach,VA,368.6,  ,
Merrimack,NH,368.6,  ,
Chippewa,MN,368.7,  ,
Kewaunee,WI,368.7,  ,
Pendleton,WV,368.9,  ,
Navajo,AZ,368.9,  ,
Litchfield,CT,368.9,  ,
Grayson,VA,369,  ,
Yauco,PR,369,  ,
Jefferson,MT,369.2,  ,
Hudson,NJ,369.2,  ,
Union,NJ,369.4,  ,
Clark,SD,369.4,  ,
Wayne,NY,369.5,  ,
New Haven,CT,369.6,  ,
Oldham,KY,369.7,  ,
Bowman,ND,369.7,  ,
Deuel,NE,369.7,  ,
Frontier,NE,369.8,  ,
Platte,MO,369.8,  ,
Marion,OR,369.8,  ,
Sullivan,NH,369.8,  ,
Martin,MN,370,  ,
Southeast Fairbanks,AK,370,  ,
Washington,NE,370.1,  ,
Yuma,CO,370.2,  ,
Iowa,WI,370.2,  ,
Culpeper,VA,370.3,  ,
Prairie,MT,370.4,  ,
Sheridan,NE,370.5,  ,
Umatilla,OR,370.7,  ,
Bayfield,WI,370.7,  ,
Bristol,MA,370.8,  ,
Otter Tail,MN,370.9,  ,
Washington,WI,370.9,  ,
Chester,PA,371,  ,
Gillespie,TX,371,  ,
Solano,CA,371.1,  ,
Haakon,SD,371.2,  ,
Spokane,WA,371.4,  ,
Worcester,MA,371.4,  ,
Cheshire,NH,371.5,  ,
Latah,ID,371.5,  ,
San Luis Obispo,CA,371.6,  ,
Wayne,NE,371.6,  ,
Colfax,NE,371.9,  ,
Powhatan,VA,372,  ,
Granite,MT,372.1,  ,
Roseau,MN,372.1,  ,
Ness,KS,372.1,  ,
Butler,NE,372.2,  ,
Blount,TN,372.2,  ,
Dunn,WI,372.3,  ,
Bear Lake,ID,372.3,  ,
Johnson,IA,372.5,  ,
Franklin,MA,372.5,  ,
Carlton,MN,372.7,  ,
Logan,NE,372.7,  ,
Crawford,WI,372.7,  ,
Middlesex,NJ,372.8,  ,
Grant,MN,372.8,  ,
Hamlin,SD,372.9,  ,
Coamo,PR,373,  ,
Iowa,IA,373,  ,
Northampton,PA,373.1,  ,
Custer,SD,373.2,  ,
Charleston,SC,373.2,  ,
Bonner,ID,373.4,  ,
Otoe,NE,373.4,  ,
Deuel,SD,373.5,  ,
Union,PA,373.6,  ,
Llano,TX,373.6,  ,
Cache,UT,373.7,  ,
Pend Oreille,WA,373.7,  ,
Harding,NM,373.8,  ,
Josephine,OR,373.9,  ,
Mille Lacs,MN,373.9,  ,
Grant,ND,374.1,  ,
El Paso,CO,374.2,  ,
Stephenson,IL,374.2,  ,
Cameron,TX,374.3,  ,
Lawrence,SD,374.5,  ,
Lehigh,PA,374.6,  ,
Lincoln,NM,374.6,  ,
Union,OR,374.7,  ,
Burnet,TX,374.7,  ,
Benton,WA,374.8,  ,
Adams,ND,374.9,  ,
Crowley,CO,374.9,  ,
Apache,AZ,375,  ,
Red Lake,MN,375,  ,
Keya Paha,NE,375.2,  ,
Guilford,NC,375.2,  ,
Cedar,IA,375.2,  ,
Decatur,KS,375.2,  ,
Delaware,IA,375.4,  ,
Okanogan,WA,375.4,  ,
McPherson,SD,375.4,  ,
Stafford,VA,375.5,  ,
Ada,ID,375.5,  ,
Custer,NE,375.5,  ,
Gage,NE,375.7,  ,
Huerfano,CO,375.8,  ,
Stevens,WA,376,  ,
Marshall,KS,376.3,  ,
Murray,MN,376.4,  ,
Benton,IA,376.5,  ,
Woodford,IL,376.5,  ,
Johnson,KS,376.6,  ,
Fredericksburg,VA,376.7,  ,
Bristol,RI,376.8,  ,
St. Charles,MO,376.9,  ,
Winona,MN,377,  ,
Esmeralda,NV,377,  ,
Hawaii,HI,377,  ,
Buncombe,NC,377.1,  ,
Starr,TX,377.2,  ,
Mason,TX,377.4,  ,
Spotsylvania,VA,377.5,  ,
Boone,KY,377.8,  ,
Nemaha,KS,378,  ,
Douglas,WI,378,  ,
Clearwater,ID,378.1,  ,
Sitka,AK,378.1,  ,
San Miguel,NM,378.2,  ,
Goochland,VA,378.2,  ,
Willacy,TX,378.4,  ,
Yamhill,OR,378.5,  ,
Renville,ND,378.6,  ,
Howard,NE,378.6,  ,
Granville,NC,378.7,  ,
Gosper,NE,378.8,  ,
Ohio,IN,378.9,  ,
Edmunds,SD,378.9,  ,
Mahnomen,MN,379,  ,
Teton,MT,379.1,  ,
Haskell,KS,379.1,  ,
Snyder,PA,379.2,  ,
Sedgwick,CO,379.3,  ,
Cibola,NM,379.4,  ,
Mercer,ND,379.5,  ,
Mower,MN,379.6,  ,
Dodge,MN,379.7,  ,
Hardin,KY,379.7,  ,
Kenai Peninsula,AK,379.8,  ,
Jackson,WI,379.8,  ,
Webb,TX,379.9,  ,
Strafford,NH,380.1,  ,
Fond du Lac,WI,380.3,  ,
Kearney,NE,380.4,  ,
Freeborn,MN,380.5,  ,
Grant,WI,380.5,  ,
Burnett,WI,380.5,  ,
Burt,NE,380.6,  ,
Pierce,NE,380.6,  ,
Fayette,KY,380.6,  ,
Bernalillo,NM,380.8,  ,
Redwood,MN,380.9,  ,
Kenedy,TX,380.9,  ,
Sanpete,UT,381,  ,
Loudon,TN,381.1,  ,
Yates,NY,381.1,  ,
Morrill,NE,381.2,  ,
Marshall,MN,381.6,  ,
Villalba,PR,381.6,  ,
Greene,VA,381.8,  ,
Lincoln,MN,382.2,  ,
Kingsbury,SD,382.3,  ,
Clay,MO,382.5,  ,
Tooele,UT,382.6,  ,
Mercer,NJ,382.7,  ,
Windham,VT,382.8,  ,
Centre,PA,382.8,  ,
Frederick,VA,382.8,  ,
Lincoln,WY,382.8,  ,
Wasatch,UT,382.9,  ,
Hall,GA,382.9,  ,
Weston,WY,383,  ,
Washington,VT,383.1,  ,
Grant,OR,383.1,  ,
Dundy,NE,383.2,  ,
Polk,MN,383.2,  ,
Petersburg,AK,383.2,  ,
Riley,KS,383.3,  ,
Clay,KS,383.3,  ,
Valencia,NM,383.3,  ,
Elko,NV,383.3,  ,
Stanton,NE,383.3,  ,
Woodbury,IA,383.4,  ,
Pennington,SD,383.4,  ,
Jo Daviess,IL,383.5,  ,
Berkshire,MA,383.5,  ,
Zapata,TX,383.6,  ,
Mendocino,CA,383.7,  ,
Pepin,WI,383.8,  ,
Salt Lake,UT,384,  ,
Codington,SD,384,  ,
Cascade,MT,384,  ,
Warren,NY,384.1,  ,
Boone,MO,384.3,  ,
Jasper,IA,384.3,  ,
Flathead,MT,384.4,  ,
Fremont,IA,384.5,  ,
Catron,NM,384.6,  ,
Dickey,ND,384.6,  ,
Minidoka,ID,384.7,  ,
Leon,FL,384.7,  ,
Brown,SD,384.7,  ,
Marathon,WI,384.7,  ,
McLean,IL,384.8,  ,
Grand Forks,ND,384.8,  ,
Dawson,MT,384.9,  ,
Multnomah,OR,385.1,  ,
Missoula,MT,385.2,  ,
Guthrie,IA,385.2,  ,
Lake,FL,385.5,  ,
Monroe,IN,385.6,  ,
Essex,VT,385.7,  ,
Jewell,KS,385.8,  ,
Jefferson,WI,385.9,  ,
Lincoln,WA,385.9,  ,
Torrance,NM,386,  ,
Hamilton,NE,386.1,  ,
Reno,KS,386.1,  ,
White,GA,386.2,  ,
Hanover,VA,386.2,  ,
Bullitt,KY,386.4,  ,
Clark,ID,386.4,  ,
Clinton,MI,386.4,  ,
Lincoln,MT,386.5,  ,
Stillwater,MT,386.5,  ,
Clark,WI,386.6,  ,
Juab,UT,386.6,  ,
Marshall,SD,386.7,  ,
Knox,NE,386.7,  ,
Alleghany,NC,386.8,  ,
Lee,NC,386.8,  ,
Washakie,WY,386.8,  ,
Addison,VT,386.9,  ,
Ponce,PR,387.1,  ,
Franklin,ID,387.1,  ,
Spink,SD,387.2,  ,
McHenry,IL,387.6,  ,
Buffalo,NE,387.6,  ,
Custer,MT,387.9,  ,
Nobles,MN,387.9,  ,
Walsh,ND,387.9,  ,
Wallowa,OR,388,  ,
Pottawatomie,KS,388,  ,
Hancock,IN,388.2,  ,
Norton,KS,388.3,  ,
Divide,ND,388.4,  ,
Chesterfield,VA,388.4,  ,
Whitman,WA,388.5,  ,
Saratoga,NY,388.5,  ,
Lake,MT,388.5,  ,
Lancaster,PA,388.8,  ,
Kent,RI,388.9,  ,
Brunswick,NC,388.9,  ,
Fillmore,MN,389,  ,
Cherokee,IA,389.1,  ,
Douglas,OR,389.2,  ,
Passaic,NJ,389.4,  ,
Blaine,NE,389.5,  ,
Jones,SD,389.5,  ,
Roanoke County,VA,389.6,  ,
Cedar,NE,389.6,  ,
Carter,MT,389.6,  ,
New Hanover,NC,389.6,  ,
Gilchrist,FL,389.6,  ,
Sagadahoc,ME,389.7,  ,
Orange,VT,389.7,  ,
New Kent,VA,389.8,  ,
Emmons,ND,389.8,  ,
Boundary,ID,389.9,  ,
Calaveras,CA,390.1,  ,
Midland,MI,390.1,  ,
Penuelas,PR,390.1,  ,
Montgomery,PA,390.1,  ,
Monmouth,NJ,390.2,  ,
Jefferson,OR,390.3,  ,
Craig,VA,390.3,  ,
Barron,WI,390.4,  ,
Crook,WY,390.4,  ,
Sargent,ND,390.4,  ,
Flagler,FL,390.5,  ,
Berkeley,SC,390.5,  ,
Madison,IA,390.6,  ,
Dubuque,IA,390.7,  ,
Merrick,NE,390.8,  ,
Utah,UT,390.8,  ,
Cobb,GA,390.9,  ,
Monroe,WI,391.6,  ,
Mason,WA,391.6,  ,
McCormick,SC,391.7,  ,
Stutsman,ND,391.8,  ,
Miami-Dade,FL,391.9,  ,
Douglas,KS,391.9,  ,
Natrona,WY,391.9,  ,
Los Angeles,CA,392,  ,
Emmet,IA,392.1,  ,
Juneau,WI,392.1,  ,
Jasper,SC,392.2,  ,
Windsor,VT,392.2,  ,
Box Butte,NE,392.2,  ,
Duchesne,UT,392.3,  ,
Day,SD,392.4,  ,
Franklin,ME,392.4,  ,
Outagamie,WI,392.6,  ,
Taylor,WI,392.6,  ,
Onondaga,NY,392.7,  ,
Hampden,MA,392.8,  ,
Dunn,ND,393,  ,
Fulton,GA,393,  ,
Jackson,MN,393.1,  ,
Adams,WA,393.1,  ,
Guadalupe,TX,393.1,  ,
Grant,SD,393.2,  ,
Faulk,SD,393.3,  ,
Pondera,MT,393.3,  ,
Chippewa,WI,393.4,  ,
Hughes,SD,393.5,  ,
Furnas,NE,393.5,  ,
Seminole,FL,393.6,  ,
DeKalb,IL,393.6,  ,
Rawlins,KS,393.8,  ,
Caswell,NC,393.8,  ,
Macon,NC,393.9,  ,
Polk,WI,393.9,  ,
Converse,WY,393.9,  ,
Republic,KS,394,  ,
McMullen,TX,394.1,  ,
Amador,CA,394.2,  ,
Hodgeman,KS,394.5,  ,
Poweshiek,IA,394.5,  ,
Washington,OH,394.5,  ,
Garfield,WA,394.5,  ,
Terrell,TX,394.6,  ,
Jackson,NC,394.6,  ,
Clinton,NY,394.6,  ,
Noble,OH,394.7,  ,
Las Animas,CO,394.8,  ,
York,PA,394.9,  ,
Beadle,SD,395,  ,
Highlands,FL,395,  ,
McPherson,KS,395,  ,
Harlan,NE,395,  ,
Richland,MT,395,  ,
Saline,KS,395.1,  ,
Stafford,KS,395.2,  ,
Lac qui Parle,MN,395.5,  ,
Clatsop,OR,395.5,  ,
Osceola,IA,395.6,  ,
Pasco,FL,395.7,  ,
Winchester,VA,395.7,  ,
Johnson,NE,395.9,  ,
Baker,OR,396,  ,
Frederick,MD,396,  ,
Mifflin,PA,396,  ,
Allegan,MI,396.1,  ,
Hitchcock,NE,396.1,  ,
Hall,NE,396.2,  ,
Morgan,UT,396.2,  ,
Madison,VA,396.3,  ,
Washtenaw,MI,396.3,  ,
Seneca,NY,396.6,  ,
Hardee,FL,396.6,  ,
Lincoln,WI,396.6,  ,
Ransom,ND,396.7,  ,
Big Stone,MN,396.7,  ,
Kalamazoo,MI,396.8,  ,
Twin Falls,ID,396.8,  ,
Rio Grande,CO,396.9,  ,
Wibaux,MT,396.9,  ,
Cabarrus,NC,397,  ,
Switzerland,IN,397.2,  ,
Polk,NC,397.3,  ,
Aroostook,ME,397.3,  ,
Carroll,VA,397.3,  ,
Cottonwood,MN,397.4,  ,
Elmore,ID,397.4,  ,
Douglas,IL,397.4,  ,
Owyhee,ID,397.5,  ,
Plumas,CA,397.7,  ,
Kerr,TX,397.8,  ,
Buckingham,VA,397.9,  ,
Grand Traverse,MI,397.9,  ,
Hickory,MO,397.9,  ,
Garfield,MT,398,  ,
Pawnee,NE,398.1,  ,
Crawford,IA,398.1,  ,
Calhoun,IL,398.2,  ,
Ferry,WA,398.2,  ,
Orange,NY,398.3,  ,
Gooding,ID,398.4,  ,
Dewey,SD,398.4,  ,
Wabaunsee,KS,398.5,  ,
Logan,ND,398.5,  ,
Golden Valley,ND,398.5,  ,
Bon Homme,SD,398.6,  ,
Henrico,VA,398.6,  ,
Manitowoc,WI,398.7,  ,
Door,WI,398.7,  ,
Queen Anne's,MD,398.8,  ,
Polk,IA,398.8,  ,
Cherokee,GA,398.8,  ,
Jerome,ID,398.9,  ,
Pipestone,MN,398.9,  ,
Franklin County,VA,399,  ,
Montgomery,VA,399.1,  ,
Powell,MT,399.1,  ,
Towner,ND,399.1,  ,
Sanders,MT,399.3,  ,
Worth,IA,399.3,  ,
Fremont,CO,399.3,  ,
Greenlee,AZ,399.3,  ,
Person,NC,399.4,  ,
Morgan,OH,399.5,  ,
Columbia,WI,399.5,  ,
Guánica,PR,399.5,  ,
Eau Claire,WI,399.7,  ,
Lampasas,TX,399.7,  ,
Liberty,MT,399.7,  ,
Hot Springs,WY,399.8,  ,
Brown,IN,399.9,  ,
Kitsap,WA,400,  ,
Hood,TX,400.3,  ,
Caledonia,VT,400.3,  ,
Columbia,OR,400.5,  ,
Cochise,AZ,400.6,  ,
Alexander,NC,400.8,  ,
Judith Basin,MT,400.8,  ,
Bell,TX,400.8,  ,
Marquette,WI,400.9,  ,
Washburn,WI,400.9,  ,
Audubon,IA,400.9,  ,
Louisa,VA,401,  ,
Kane,UT,401,  ,
Hood River,OR,401.1,  ,
Richland,WI,401.2,  ,
Dimmit,TX,401.3,  ,
Posey,IN,401.4,  ,
Brazos,TX,401.5,  ,
Kootenai,ID,401.9,  ,
Jim Hogg,TX,402.1,  ,
Roberts,SD,402.1,  ,
Cortland,NY,402.2,  ,
Red Willow,NE,402.2,  ,
Lincoln,ME,402.2,  ,
Wilkes,NC,402.4,  ,
Ulster,NY,402.5,  ,
Windham,CT,402.5,  ,
Scott,IA,402.8,  ,
Knox,ME,402.9,  ,
Montour,PA,403,  ,
Fremont,WY,403.1,  ,
Seward,NE,403.1,  ,
Shelby,AL,403.1,  ,
Colusa,CA,403.1,  ,
Belknap,NH,403.3,  ,
Alamance,NC,403.3,  ,
Greene,OH,403.3,  ,
Mineral,MT,403.5,  ,
Christian,MO,403.6,  ,
Hillsborough,FL,403.6,  ,
Rock,MN,403.7,  ,
Platte,NE,403.7,  ,
Polk,NE,403.7,  ,
Bath,VA,403.7,  ,
Greenville,SC,403.7,  ,
Providence,RI,403.8,  ,
Miner,SD,403.8,  ,
Lake,OR,403.9,  ,
Okaloosa,FL,403.9,  ,
Washington,KS,403.9,  ,
Ellis,KS,404,  ,
Sanborn,SD,404,  ,
Walworth,WI,404,  ,
Forsyth,NC,404.1,  ,
Campbell,WY,404.3,  ,
Woodford,KY,404.4,  ,
Hamilton,IA,404.4,  ,
Dixon,NE,404.7,  ,
Stanton,KS,404.8,  ,
Fairbanks North Star,AK,404.9,  ,
Vernon,WI,404.9,  ,
Conejos,CO,405,  ,
Winneshiek,IA,405,  ,
Menard,IL,405,  ,
Jerauld,SD,405.2,  ,
Franklin,PA,405.2,  ,
Charlottesville,VA,405.3,  ,
Carroll,IA,405.3,  ,
Traverse,MN,405.4,  ,
Graham,AZ,405.5,  ,
Oconee,GA,405.5,  ,
Towns,GA,405.5,  ,
Greeley,KS,405.6,  ,
Davie,NC,405.7,  ,
Davis,UT,405.9,  ,
Brookings,SD,406,  ,
Lincoln,KS,406,  ,
Muscatine,IA,406.2,  ,
Madera,CA,406.2,  ,
Greeley,NE,406.2,  ,
Powder River,MT,406.3,  ,
Dodge,WI,406.5,  ,
Morgan,WV,406.6,  ,
New Castle,DE,406.6,  ,
Washington,IA,406.6,  ,
Osborne,KS,406.9,  ,
Brown,WI,406.9,  ,
Yankton,SD,407.1,  ,
Hampshire,WV,407.2,  ,
Langlade,WI,407.3,  ,
Pike,PA,407.3,  ,
Phillips,KS,407.4,  ,
Adair,IA,407.4,  ,
Tioga,NY,407.4,  ,
Adams,NE,407.6,  ,
Holt,MO,407.7,  ,
Buffalo,WI,407.7,  ,
Penobscot,ME,407.8,  ,
Kennebec,ME,407.8,  ,
Medina,OH,407.8,  ,
Hardin,IA,407.9,  ,
Calumet,WI,408,  ,
Washington,NY,408.1,  ,
Orange,FL,408.2,  ,
Bandera,TX,408.2,  ,
Comal,TX,408.3,  ,
Cass,MO,408.3,  ,
Shelby,IA,408.6,  ,
Johnson,WY,408.8,  ,
Floyd,VA,408.9,  ,
Minnehaha,SD,408.9,  ,
Surry,VA,409,  ,
Rabun,GA,409.1,  ,
Wayne,UT,409.3,  ,
Jefferson,KS,409.5,  ,
Fillmore,NE,409.5,  ,
Yancey,NC,409.5,  ,
Iredell,NC,409.6,  ,
Lexington,SC,409.6,  ,
Rusk,WI,409.6,  ,
Essex,NJ,409.8,  ,
Androscoggin,ME,410.1,  ,
Union,NM,410.2,  ,
Valley,NE,410.3,  ,
McIntosh,GA,410.3,  ,
Carbon,WY,410.3,  ,
Pecos,TX,410.3,  ,
Boone,IL,410.4,  ,
Graham,KS,410.6,  ,
Garden,NE,410.6,  ,
Moody,SD,410.8,  ,
Isle of Wight,VA,410.9,  ,
Clarke,VA,411,  ,
Rutland,VT,411,  ,
Orange,VA,411.1,  ,
Lancaster,SC,411.2,  ,
Dawson,GA,411.3,  ,
Lycoming,PA,411.4,  ,
Garfield,UT,411.5,  ,
Braxton,WV,411.5,  ,
Miami,KS,411.5,  ,
Piatt,IL,411.5,  ,
Clay,FL,411.6,  ,
Lorain,OH,411.8,  ,
Kendall,TX,412,  ,
Sullivan,NY,412.3,  ,
Franklin,NE,412.4,  ,
Ford,KS,412.4,  ,
Dickinson,IA,412.6,  ,
Clay,IA,412.7,  ,
Waldo,ME,412.7,  ,
Somervell,TX,412.7,  ,
Walton,FL,412.8,  ,
Union,GA,412.9,  ,
Shelby,KY,412.9,  ,
Grant,KS,413,  ,
Ida,IA,413,  ,
Rankin,MS,413.1,  ,
Hamilton,NY,413.1,  ,
Bennington,VT,413.1,  ,
Williams,ND,413.2,  ,
Garrard,KY,413.2,  ,
Queens,NY,413.4,  ,
Green Lake,WI,413.4,  ,
Perkins,SD,413.5,  ,
White Pine,NV,413.5,  ,
Shawnee,KS,413.5,  ,
Porter,IN,413.6,  ,
Lake,SD,413.6,  ,
Wilson,TN,413.6,  ,
Botetourt,VA,413.6,  ,
St. Mary's,MD,413.7,  ,
Broward,FL,413.8,  ,
Washington,ID,413.9,  ,
Louisa,IA,414,  ,
Nelson,ND,414,  ,
Erie,PA,414,  ,
Sherman,OR,414.1,  ,
Wexford,MI,414.1,  ,
Sussex,NJ,414.2,  ,
Pottawattamie,IA,414.2,  ,
Genesee,NY,414.3,  ,
Asotin,WA,414.3,  ,
Albany,NY,414.4,  ,
Telfair,GA,414.4,  ,
Del Norte,CA,414.6,  ,
Antrim,MI,414.7,  ,
Columbia,NY,415,  ,
Harvey,KS,415,  ,
Harding,SD,415,  ,
Sauk,WI,415.1,  ,
Stone,AR,415.3,  ,
Dutchess,NY,415.6,  ,
Charles City,VA,415.6,  ,
Wilson,TX,415.6,  ,
Madison,NE,415.7,  ,
Callaway,MO,415.9,  ,
Grundy,IL,416.1,  ,
Wadena,MN,416.4,  ,
Ingham,MI,416.4,  ,
York,SC,416.4,  ,
Livingston,MO,416.6,  ,
Harney,OR,416.8,  ,
Montgomery,TX,416.8,  ,
Sheridan,WY,416.8,  ,
Harris,TX,417.2,  ,
Kinney,TX,417.3,  ,
Otero,NM,417.3,  ,
Faribault,MN,417.3,  ,
Sedgwick,KS,417.6,  ,
Oglethorpe,GA,417.6,  ,
Edwards,KS,417.7,  ,
Schoolcraft,MI,417.8,  ,
Yadkin,NC,417.8,  ,
Uinta,WY,417.8,  ,
Hancock,IL,417.9,  ,
Jackson,IL,417.9,  ,
Manassas,VA,418,  ,
Wells,ND,418.1,  ,
Harper,KS,418.2,  ,
Wasco,OR,418.5,  ,
Kenton,KY,418.6,  ,
Tipton,IN,418.7,  ,
Cayuga,NY,418.8,  ,
Webster,NE,418.8,  ,
Emmet,MI,418.8,  ,
Will,IL,418.9,  ,
Campbell,KY,418.9,  ,
Chouteau,MT,419,  ,
Maverick,TX,419,  ,
Pierce,ND,419.2,  ,
Monroe,IL,419.2,  ,
Pratt,KS,419.4,  ,
Griggs,ND,419.4,  ,
Juniata,PA,419.4,  ,
McCook,SD,419.5,  ,
Uintah,UT,419.6,  ,
Brown,NE,419.7,  ,
Sacramento,CA,419.8,  ,
Glasscock,TX,419.8,  ,
Hamilton,KS,419.9,  ,
Monroe,PA,420,  ,
Orleans,VT,420.1,  ,
Williamson,IL,420.1,  ,
Gila,AZ,420.1,  ,
Oneida,WI,420.2,  ,
Kent,MI,420.3,  ,
Luce,MI,420.3,  ,
Atchison,MO,420.5,  ,
Warren,OH,420.5,  ,
Hendricks,IN,420.5,  ,
Douglas,SD,420.5,  ,
Ottawa,KS,420.6,  ,
Antelope,NE,420.6,  ,
Graham,NC,420.7,  ,
Franklin,IN,420.7,  ,
Benewah,ID,420.8,  ,
Adams,PA,420.9,  ,
Johnson,IL,421,  ,
Clay,NC,421.1,  ,
Boone,IA,421.2,  ,
Benton,AR,421.2,  ,
Grays Harbor,WA,421.2,  ,
Rockdale,GA,421.3,  ,
Fayette,IL,421.3,  ,
Cheyenne,NE,421.3,  ,
Schoharie,NY,421.4,  ,
Sac,IA,421.4,  ,
Oconto,WI,421.4,  ,
Burlington,NJ,421.5,  ,
Baxter,AR,421.7,  ,
Marion,KS,421.8,  ,
St. Tammany,LA,421.8,  ,
Cassia,ID,421.9,  ,
Harrison,IA,422.1,  ,
Lake,CA,422.5,  ,
Washington,VA,422.5,  ,
Bedford County,VA,422.5,  ,
Tuolumne,CA,422.8,  ,
Adams,IN,422.8,  ,
Long,GA,423,  ,
Catawba,NC,423,  ,
Suffolk,NY,423.1,  ,
Putnam,OH,423.1,  ,
Habersham,GA,423.1,  ,
Smith,KS,423.1,  ,
Wheeler,OR,423.2,  ,
Nodaway,MO,423.2,  ,
Washington,PA,423.2,  ,
Delaware,PA,423.3,  ,
Harford,MD,423.3,  ,
Palo Alto,IA,423.3,  ,
Nez Perce,ID,423.3,  ,
Chippewa,MI,423.5,  ,
Haywood,NC,423.5,  ,
Montgomery,NC,423.5,  ,
Alger,MI,423.6,  ,
Charlton,GA,423.6,  ,
Buena Vista,IA,423.8,  ,
West Feliciana,LA,423.8,  ,
Broome,NY,423.8,  ,
Linn,OR,423.8,  ,
Curry,OR,423.9,  ,
Cole,MO,423.9,  ,
Nueces,TX,423.9,  ,
Hyde,SD,424,  ,
Carroll,IN,424.1,  ,
Nassau,FL,424.1,  ,
Logan,IL,424.4,  ,
Charlevoix,MI,424.5,  ,
Lincoln,NC,424.5,  ,
Dare,NC,424.5,  ,
Edwards,TX,424.6,  ,
Kimble,TX,424.7,  ,
Warren,NJ,424.8,  ,
Steuben,IN,424.8,  ,
Manistee,MI,424.9,  ,
Dorchester,SC,425.1,  ,
Lee,AL,425.3,  ,
Mesa,CO,425.4,  ,
Nuckolls,NE,425.6,  ,
Scott,IL,425.8,  ,
Aiken,SC,425.8,  ,
La Paz,AZ,425.9,  ,
Otsego,NY,425.9,  ,
Eaton,MI,425.9,  ,
Kiowa,KS,426.1,  ,
Pocahontas,WV,426.1,  ,
Franklin,VT,426.3,  ,
Hidalgo,NM,426.3,  ,
Christian,IL,426.4,  ,
Polk,FL,426.4,  ,
Washington,ME,426.5,  ,
Franklin,NY,426.7,  ,
Lumpkin,GA,426.7,  ,
Davison,SD,426.8,  ,
Sussex,DE,426.9,  ,
Effingham,IL,426.9,  ,
Andrew,MO,426.9,  ,
Perry,PA,427.1,  ,
Boone,NE,427.2,  ,
Craven,NC,427.2,  ,
Kershaw,SC,427.3,  ,
Gates,NC,427.4,  ,
Harrison,IN,427.4,  ,
Barry,MI,427.5,  ,
San Saba,TX,427.5,  ,
Butte,ID,427.7,  ,
Foster,ND,427.9,  ,
Rock,WI,427.9,  ,
Grant,WA,428,  ,
Saluda,SC,428,  ,
Tarrant,TX,428.1,  ,
Tyler,WV,428.1,  ,
Prowers,CO,428.1,  ,
Barrow,GA,428.1,  ,
Lake and Peninsula,AK,428.1,  ,
Tama,IA,428.2,  ,
Potter,PA,428.2,  ,
Mackinac,MI,428.3,  ,
Nance,NE,428.4,  ,
Saline,NE,428.5,  ,
Aurora,SD,428.5,  ,
Dickinson,MI,428.6,  ,
Prince of Wales-Hyder,AK,428.6,  ,
Brevard,FL,428.7,  ,
Cleveland,OK,428.8,  ,
Fannin,GA,428.9,  ,
Sumner,KS,429,  ,
Warren,PA,429,  ,
Coweta,GA,429.1,  ,
Lincoln,LA,429.2,  ,
American Samoa,AS,429.2,  ,
Richardson,NE,429.3,  ,
Anne Arundel,MD,429.4,  ,
Baca,CO,429.5,  ,
Tippecanoe,IN,429.6,  ,
Klamath,OR,429.6,  ,
Delta,MI,429.7,  ,
Winnebago,IA,429.7,  ,
Trinity,CA,429.7,  ,
Wheeler,NE,429.8,  ,
Hand,SD,429.8,  ,
Nassau,NY,429.9,  ,
Huntingdon,PA,430,  ,
Berkeley,WV,430,  ,
Poquoson,VA,430,  ,
Caroline,VA,430.1,  ,
Shawano,WI,430.1,  ,
Guadalupe,NM,430.2,  ,
Clay,NE,430.2,  ,
Muskegon,MI,430.3,  ,
Carteret,NC,430.4,  ,
Lassen,CA,430.4,  ,
Trempealeau,WI,430.4,  ,
Cumberland,PA,430.4,  ,
Calhoun,SC,430.5,  ,
Kossuth,IA,430.6,  ,
Sangamon,IL,430.8,  ,
Gadsden,FL,430.8,  ,
Weber,UT,430.8,  ,
Marquette,MI,430.9,  ,
Sevier,UT,431,  ,
Garfield,NE,431.1,  ,
Gem,ID,431.1,  ,
Butler,PA,431.2,  ,
Spencer,KY,431.4,  ,
Osceola,FL,431.5,  ,
Macon,IL,431.7,  ,
Rosebud,MT,431.8,  ,
Jefferson,WV,431.9,  ,
Uvalde,TX,432,  ,
Ramsey,ND,432,  ,
Benson,ND,432.1,  ,
Shelby,IN,432.1,  ,
Mathews,VA,432.1,  ,
Tom Green,TX,432.2,  ,
Madison,OH,432.2,  ,
Sheboygan,WI,432.3,  ,
Menominee,MI,432.4,  ,
Shelby,IL,432.4,  ,
Schley,GA,432.6,  ,
Pittsylvania,VA,432.6,  ,
Rockwall,TX,432.6,  ,
Bradford,PA,432.8,  ,
Allegany,NY,432.8,  ,
Jefferson,KY,433,  ,
Leon,TX,433.1,  ,
Yellowstone,MT,433.2,  ,
Sutter,CA,433.4,  ,
Lincoln,NV,433.5,  ,
Nemaha,NE,433.5,  ,
Culberson,TX,433.6,  ,
Parker,TX,433.7,  ,
Hutchinson,SD,433.7,  ,
Putnam,FL,433.7,  ,
Golden Valley,MT,433.8,  ,
Westmoreland,VA,433.8,  ,
Price,WI,433.9,  ,
Rooks,KS,433.9,  ,
Montgomery,IL,433.9,  ,
Delta,CO,434,  ,
Pamlico,NC,434,  ,
Cook,IL,434.3,  ,
Vanderburgh,IN,434.3,  ,
Logan,KY,434.3,  ,
Meade,KS,434.4,  ,
Peoria,IL,434.4,  ,
Banks,GA,434.4,  ,
Butler,KS,434.5,  ,
Wahkiakum,WA,434.5,  ,
Chesapeake,VA,435,  ,
Clark,KS,435,  ,
Avery,NC,435.2,  ,
Charles Mix,SD,435.2,  ,
Bastrop,TX,435.4,  ,
Franklin,NC,435.4,  ,
Rensselaer,NY,435.6,  ,
Calvert,MD,435.7,  ,
Midland,TX,435.7,  ,
Johnson,IN,435.9,  ,
Jefferson,NE,436,  ,
Lyman,SD,436.1,  ,
Moultrie,IL,436.2,  ,
Crook,OR,436.3,  ,
Westmoreland,PA,436.3,  ,
Caldwell,TX,436.5,  ,
Jackson,MO,436.5,  ,
Treasure,MT,436.6,  ,
Newaygo,MI,436.6,  ,
Waller,TX,436.6,  ,
Tazewell,IL,436.7,  ,
Barton,KS,436.7,  ,
Black Hawk,IA,436.8,  ,
Sawyer,WI,436.8,  ,
Menard,TX,436.9,  ,
Adams,WI,437,  ,
Knox,TN,437.1,  ,
Hernando,FL,437.1,  ,
Buchanan,IA,437.2,  ,
Sutton,TX,437.2,  ,
Greene,NY,437.3,  ,
Osage,MO,437.4,  ,
Cleburne,AR,437.5,  ,
Riverside,CA,437.6,  ,
Meade,KY,437.7,  ,
Union,OH,437.7,  ,
Cowlitz,WA,437.7,  ,
Suffolk,VA,437.8,  ,
Dauphin,PA,437.9,  ,
Charles,MD,437.9,  ,
Socorro,NM,438,  ,
Steuben,NY,438,  ,
Des Moines,IA,438,  ,
Licking,OH,438.1,  ,
Fremont,ID,438.2,  ,
Gonzales,TX,438.3,  ,
Oldham,TX,438.4,  ,
Walker,TX,438.6,  ,
Piscataquis,ME,438.6,  ,
Bexar,TX,438.7,  ,
Susquehanna,PA,438.7,  ,
Scurry,TX,438.9,  ,
Wheeler,GA,438.9,  ,
Tioga,PA,439.2,  ,
Briscoe,TX,439.3,  ,
Cass,IN,439.4,  ,
Saginaw,MI,439.4,  ,
Kent,MD,439.6,  ,
Musselshell,MT,439.6,  ,
Russell,KS,439.6,  ,
Merced,CA,439.6,  ,
Kings,CA,439.7,  ,
Leavenworth,KS,439.8,  ,
Bartholomew,IN,440,  ,
Dallas,TX,440.1,  ,
Keweenaw,MI,440.5,  ,
Marinette,WI,440.6,  ,
Menominee,WI,440.7,  ,
Campbell,VA,440.7,  ,
Oneida,ID,440.7,  ,
Atchison,KS,440.8,  ,
Fountain,IN,440.9,  ,
Johnston,NC,440.9,  ,
Santa Rosa,FL,441.1,  ,
Osage,KS,441.2,  ,
Cheboygan,MI,441.4,  ,
Monroe,WV,441.4,  ,
Ogle,IL,441.5,  ,
San Joaquin,CA,441.5,  ,
Gloucester,VA,441.7,  ,
Cooke,TX,441.7,  ,
Grant,NE,441.8,  ,
Forest,WI,441.9,  ,
Mills,TX,442,  ,
Kings,NY,442.1,  ,
Somerset,ME,442.1,  ,
Anderson,KY,442.2,  ,
Keokuk,IA,442.5,  ,
Boyle,KY,442.6,  ,
Caldwell,MO,442.7,  ,
Perry,IL,442.8,  ,
Concho,TX,442.8,  ,
Irion,TX,442.8,  ,
Racine,WI,442.8,  ,
Rutherford,TN,442.9,  ,
Sumner,TN,442.9,  ,
Cumberland,TN,442.9,  ,
Yoakum,TX,443,  ,
Hancock,IA,443.1,  ,
Burke,NC,443.3,  ,
Pitt,NC,443.4,  ,
Jones,GA,443.5,  ,
Abbeville,SC,443.5,  ,
Clermont,OH,443.7,  ,
Indiana,PA,443.8,  ,
Lancaster,VA,444.1,  ,
McCone,MT,444.1,  ,
Lawrence,IN,444.2,  ,
Pierce,WA,444.2,  ,
Mercer,IL,444.3,  ,
De Witt,IL,444.3,  ,
Petroleum,MT,444.3,  ,
Livingston,MI,444.3,  ,
Henry,OH,444.3,  ,
Dickinson,KS,444.7,  ,
Ionia,MI,444.8,  ,
Lebanon,PA,444.8,  ,
Wayne,WV,444.9,  ,
Northumberland,VA,444.9,  ,
Big Horn,MT,444.9,  ,
Athens,OH,444.9,  ,
O'Brien,IA,444.9,  ,
Harris,GA,445,  ,
Surry,NC,445,  ,
Mariposa,CA,445.2,  ,
Nelson,KY,445.3,  ,
Pender,NC,445.3,  ,
Brazoria,TX,445.5,  ,
Buena Vista,VA,445.6,  ,
Nelson,VA,445.8,  ,
Franklin,IL,445.8,  ,
Warren,VA,445.9,  ,
Victoria,TX,445.9,  ,
Winnebago,IL,446,  ,
Erie,NY,446,  ,
Schenectady,NY,446.1,  ,
Richland,SC,446.1,  ,
Wayne,OH,446.2,  ,
Warren,MO,446.2,  ,
Prince George's,MD,446.3,  ,
Cumberland,IL,446.3,  ,
Grundy,IA,446.3,  ,
Florence,WI,446.3,  ,
Waynesboro,VA,446.4,  ,
Mitchell,KS,446.4,  ,
Lee,IL,446.7,  ,
Dinwiddie,VA,446.7,  ,
Franklin,IA,446.8,  ,
Kosciusko,IN,446.8,  ,
Butler,OH,447,  ,
Davidson,NC,447,  ,
Holt,NE,447.1,  ,
Fairfield,OH,447.2,  ,
Putnam,IN,447.2,  ,
Motley,TX,447.2,  ,
Dearborn,IN,447.4,  ,
Jefferson,LA,447.4,  ,
Columbia,PA,447.5,  ,
Edgefield,SC,447.8,  ,
St. Louis County,MO,447.8,  ,
Henderson,IL,447.8,  ,
Seward,KS,447.8,  ,
Allamakee,IA,447.9,  ,
Gasconade,MO,447.9,  ,
Love,OK,448,  ,
King William,VA,448,  ,
Defiance,OH,448.1,  ,
Bremer,IA,448.1,  ,
Jackson,IN,448.2,  ,
West Baton Rouge,LA,448.2,  ,
Noble,IN,448.3,  ,
Canyon,ID,448.3,  ,
Kiowa,CO,448.4,  ,
Monongalia,WV,448.5,  ,
Elk,PA,448.8,  ,
Turner,SD,448.8,  ,
Greenbrier,WV,448.9,  ,
Newport News,VA,448.9,  ,
Carroll,MD,448.9,  ,
Glynn,GA,449,  ,
Mason,IL,449,  ,
Oceana,MI,449.2,  ,
Hertford,NC,449.5,  ,
Butler,IA,449.5,  ,
York,NE,449.7,  ,
Randall,TX,449.7,  ,
McDowell,NC,449.8,  ,
Williams,OH,449.8,  ,
Stark,IL,449.8,  ,
Henry,KY,449.9,  ,
Austin,TX,449.9,  ,
Payette,ID,450.1,  ,
Hancock,OH,450.1,  ,
Crawford,MI,450.1,  ,
St. Lawrence,NY,450.5,  ,
Elliott,KY,450.5,  ,
Union,IA,450.5,  ,
Canadian,OK,450.6,  ,
Orangeburg,SC,450.6,  ,
Coke,TX,450.6,  ,
Richmond County,VA,450.7,  ,
Armstrong,PA,450.7,  ,
Ouachita,LA,450.7,  ,
Page,VA,450.9,  ,
Cowley,KS,451,  ,
Elkhart,IN,451.1,  ,
Clearfield,PA,451.2,  ,
Warren,IN,451.3,  ,
Berks,PA,451.3,  ,
Lafourche,LA,451.4,  ,
Tripp,SD,451.4,  ,
Wilson,NC,451.5,  ,
Greene,GA,451.5,  ,
Jefferson,PA,451.6,  ,
Daniels,MT,451.7,  ,
Allegheny,PA,451.8,  ,
Randolph,IL,451.8,  ,
Horry,SC,451.8,  ,
Greenwood,SC,451.8,  ,
Thayer,NE,451.9,  ,
Montcalm,MI,452,  ,
Anderson,SC,452,  ,
Schleicher,TX,452.1,  ,
Richmond City,VA,452.3,  ,
Herkimer,NY,452.3,  ,
Wright,IA,452.3,  ,
DeKalb,IN,452.4,  ,
Newberry,SC,452.4,  ,
Big Horn,WY,452.5,  ,
Cass,IA,452.5,  ,
Rock Island,IL,452.5,  ,
Kent,DE,452.6,  ,
Stokes,NC,452.6,  ,
Malheur,OR,452.7,  ,
Calhoun,IA,452.7,  ,
Lyon,KS,452.7,  ,
Sweetwater,WY,452.7,  ,
Clarion,PA,452.7,  ,
Clinton,PA,452.8,  ,
Warren,IA,452.8,  ,
Deaf Smith,TX,452.9,  ,
Inyo,CA,453.2,  ,
Champaign,OH,453.2,  ,
Cameron,PA,453.3,  ,
Coös,NH,453.3,  ,
Live Oak,TX,453.3,  ,
Worth,MO,453.4,  ,
Paulding,GA,453.4,  ,
Lincoln,GA,453.5,  ,
Oconee,SC,453.6,  ,
Hardy,WV,453.8,  ,
Camden,NJ,453.8,  ,
Onslow,NC,453.8,  ,
Phillips,MT,453.9,  ,
Washington,KY,453.9,  ,
Amherst,VA,453.9,  ,
Plaquemines,LA,454,  ,
Stark,OH,454,  ,
Bailey,TX,454.1,  ,
Oneida,NY,454.2,  ,
Rockingham,NC,454.3,  ,
Allen,IN,454.3,  ,
Wyoming,NY,454.4,  ,
Deer Lodge,MT,454.4,  ,
Gaines,TX,454.4,  ,
Val Verde,TX,454.6,  ,
Atascosa,TX,454.6,  ,
Aransas,TX,454.7,  ,
Whitley,IN,454.7,  ,
Warrick,IN,454.9,  ,
Bent,CO,454.9,  ,
Pike,IL,455,  ,
Johnson,TN,455,  ,
White,IN,455.1,  ,
McKenzie,ND,455.1,  ,
Lake,OH,455.2,  ,
Logan,OK,455.3,  ,
Cottle,TX,455.4,  ,
Hockley,TX,455.7,  ,
Summit,OH,455.7,  ,
Henry,IA,455.7,  ,
Chase,KS,455.7,  ,
Marshall,IL,455.8,  ,
Butte,CA,455.9,  ,
Hendry,FL,455.9,  ,
Wakulla,FL,455.9,  ,
Eddy,ND,456,  ,
Cherokee,NC,456,  ,
Paulding,OH,456.1,  ,
Van Wert,OH,456.1,  ,
Adams,IL,456.1,  ,
Fayette,IA,456.1,  ,
Cerro Gordo,IA,456.2,  ,
Clinton,IN,456.3,  ,
Madison,IN,456.6,  ,
Franklin,OH,456.6,  ,
Vilas,WI,456.7,  ,
Essex,VA,456.8,  ,
Henderson,KY,456.8,  ,
Marion,IA,456.9,  ,
Lawrence,IL,456.9,  ,
Chatham,GA,456.9,  ,
Pendleton,KY,457,  ,
Morton,ND,457,  ,
Quay,NM,457,  ,
Mason,MI,457.1,  ,
Fulton,IL,457.1,  ,
Putnam,GA,457.2,  ,
Cumberland,NC,457.2,  ,
Monroe,TN,457.2,  ,
Forest,PA,457.3,  ,
Curry,NM,457.3,  ,
Henry,VA,457.4,  ,
Lavaca,TX,457.5,  ,
Hanson,SD,457.6,  ,
Coos,OR,457.9,  ,
Blaine,MT,457.9,  ,
Gentry,MO,457.9,  ,
Duval,FL,458,  ,
Lewis,NY,458.1,  ,
Orleans,NY,458.1,  ,
Beaver,UT,458.3,  ,
Ford,IL,458.6,  ,
Parmer,TX,458.7,  ,
Carbon,PA,458.8,  ,
Hill,MT,458.8,  ,
Mitchell,NC,459,  ,
LaGrange,IN,459,  ,
Dawson,TX,459.1,  ,
Waushara,WI,459.2,  ,
Whiteside,IL,459.2,  ,
Bradford,FL,459.2,  ,
Bonneville,ID,459.2,  ,
Liberty,GA,459.5,  ,
Marshall,IN,459.5,  ,
Holmes,OH,459.5,  ,
Yakima,WA,459.6,  ,
Currituck,NC,459.7,  ,
Oakland,MI,459.8,  ,
Milam,TX,459.8,  ,
Venango,PA,459.9,  ,
Sullivan,PA,459.9,  ,
Shoshone,ID,459.9,  ,
Breckinridge,KY,459.9,  ,
Jefferson,ID,460,  ,
Wells,IN,460,  ,
Newton,GA,460,  ,
Jones,NC,460,  ,
Henry,GA,460.1,  ,
Dixie,FL,460.1,  ,
Refugio,TX,460.1,  ,
Piute,UT,460.1,  ,
Cochran,TX,460.2,  ,
Grant,WV,460.2,  ,
North Slope,AK,460.5,  ,
Caribou,ID,460.6,  ,
Doniphan,KS,460.6,  ,
Brule,SD,460.6,  ,
Jay,IN,460.8,  ,
Madison,NC,460.9,  ,
Jackson,IA,461,  ,
Wabash,IL,461,  ,
Calhoun,TX,461.1,  ,
Henry,IL,461.2,  ,
Saline,AR,461.2,  ,
Baltimore County,MD,461.3,  ,
Box Elder,UT,461.5,  ,
Gilmer,GA,461.6,  ,
Jasper,IL,461.6,  ,
Benton,IN,461.8,  ,
Sierra,CA,461.8,  ,
Kenosha,WI,461.8,  ,
Toole,MT,461.9,  ,
Beaufort,NC,461.9,  ,
Ralls,MO,462,  ,
Schuyler,MO,462.1,  ,
Fergus,MT,462.2,  ,
Clinton,IA,462.2,  ,
Dallam,TX,462.2,  ,
Grimes,TX,462.4,  ,
Baraga,MI,462.4,  ,
Hyde,NC,462.4,  ,
Saline,MO,462.5,  ,
Jefferson,IA,462.5,  ,
Medina,TX,462.7,  ,
King and Queen,VA,462.7,  ,
Monroe,MI,462.9,  ,
Bottineau,ND,463,  ,
Scotland,MO,463.1,  ,
Oswego,NY,463.2,  ,
Randolph,WV,463.3,  ,
Maury,TN,463.3,  ,
Muskingum,OH,463.4,  ,
Hamilton,OH,463.5,  ,
Southampton,VA,463.5,  ,
Martin,TX,463.6,  ,
Marshall,OK,463.6,  ,
Floyd,IN,463.6,  ,
Jefferson,FL,463.7,  ,
Real,TX,463.7,  ,
Jefferson,NY,463.8,  ,
Bureau,IL,463.9,  ,
Reeves,TX,463.9,  ,
Wayne,PA,464,  ,
Galveston,TX,464.1,  ,
Fresno,CA,464.1,  ,
Dawes,NE,464.1,  ,
Morris,KS,464.2,  ,
San Patricio,TX,464.4,  ,
La Salle,TX,464.5,  ,
Franklin,FL,464.5,  ,
Franklin,KY,464.6,  ,
Houghton,MI,464.8,  ,
Ocean,NJ,464.8,  ,
Middlesex,VA,464.8,  ,
Castro,TX,465,  ,
Lee,IA,465,  ,
Echols,GA,465,  ,
Comanche,KS,465.2,  ,
Otsego,MI,465.2,  ,
Siskiyou,CA,465.3,  ,
Carroll,IL,465.4,  ,
Putnam,IL,465.4,  ,
Duplin,NC,465.4,  ,
Ashland,WI,465.6,  ,
Calhoun,WV,465.8,  ,
Gaston,NC,465.9,  ,
Tuscarawas,OH,465.9,  ,
Columbia,FL,465.9,  ,
Humboldt,NV,466,  ,
Monroe,MO,466,  ,
Cabell,WV,466.1,  ,
Borden,TX,466.2,  ,
Marion,IN,466.3,  ,
DeKalb,MO,466.4,  ,
Pope,IL,466.5,  ,
Knox,IL,466.5,  ,
Swisher,TX,466.5,  ,
Lexington,VA,466.5,  ,
Stonewall,TX,466.6,  ,
Hart,GA,466.6,  ,
McLennan,TX,466.7,  ,
Taylor,IA,466.8,  ,
Pawnee,KS,466.8,  ,
Marion,KY,466.8,  ,
Benton,MO,466.9,  ,
Somerset,PA,466.9,  ,
Schuyler,NY,467,  ,
Greenwood,KS,467.1,  ,
Richland,IL,467.2,  ,
Cambria,PA,467.3,  ,
Storey,NV,467.4,  ,
Roosevelt,NM,467.4,  ,
Gibson,IN,467.5,  ,
Mercer,KY,467.5,  ,
Hamilton,TX,467.6,  ,
Delaware,NY,467.7,  ,
Union,IN,467.9,  ,
Milwaukee,WI,467.9,  ,
Ellis,TX,468,  ,
LaSalle,IL,468.1,  ,
Lincoln,MO,468.1,  ,
Carroll,OH,468.2,  ,
Morgan,IN,468.2,  ,
Harrisonburg,VA,468.2,  ,
Salem,VA,468.3,  ,
Fulton,PA,468.3,  ,
Sevier,TN,468.3,  ,
Pike,IN,468.6,  ,
Rice,KS,468.7,  ,
Reagan,TX,468.7,  ,
Hampton,VA,468.7,  ,
Lewis,WA,469.1,  ,
Goliad,TX,469.1,  ,
Brooks,TX,469.1,  ,
St. Joseph,IN,469.1,  ,
Clarke,GA,469.2,  ,
Volusia,FL,469.3,  ,
Ohio,WV,469.3,  ,
Linn,KS,469.4,  ,
Wheatland,MT,469.4,  ,
Blair,PA,469.5,  ,
Swain,NC,469.5,  ,
Valley,MT,469.7,  ,
Orleans,LA,469.7,  ,
Fulton,NY,469.8,  ,
Baldwin,AL,470,  ,
Clay,SD,470,  ,
Randolph,NC,470.2,  ,
St. Charles,LA,470.3,  ,
Amelia,VA,470.3,  ,
Daviess,KY,470.5,  ,
Tehama,CA,470.6,  ,
Beaver,PA,470.7,  ,
Glenn,CA,470.9,  ,
Bryan,GA,470.9,  ,
Grundy,MO,471,  ,
Tucker,WV,471,  ,
Ross,OH,471.1,  ,
Greene,IL,471.1,  ,
Iron,WI,471.3,  ,
Carbon,UT,471.3,  ,
Morgan,KY,471.4,  ,
Clarke,IA,471.5,  ,
Worth,GA,471.5,  ,
Erie,OH,471.6,  ,
Page,IA,471.7,  ,
Preston,WV,471.7,  ,
Knox,OH,471.8,  ,
Washington,MD,472,  ,
Washington,TN,472,  ,
Radford,VA,472.1,  ,
Martin,IN,472.1,  ,
Whitfield,GA,472.1,  ,
Crisp,GA,472.2,  ,
Bronx,NY,472.2,  ,
Ellsworth,KS,472.3,  ,
Coles,IL,472.4,  ,
Orange,IN,472.6,  ,
Franklin,KS,472.8,  ,
Eureka,NV,472.8,  ,
Greene,MO,472.9,  ,
Modoc,CA,472.9,  ,
Van Buren,AR,472.9,  ,
Waupaca,WI,472.9,  ,
Runnels,TX,472.9,  ,
Loup,NE,473,  ,
King,TX,473.1,  ,
Kent,TX,473.4,  ,
Lamar,MS,473.4,  ,
Crane,TX,473.6,  ,
Pleasants,WV,473.6,  ,
De Baca,NM,473.8,  ,
Luna,NM,473.8,  ,
Camden,NC,474,  ,
Gloucester,NJ,474.3,  ,
Huntington,IN,474.4,  ,
Daviess,IN,474.4,  ,
Gregory,SD,474.5,  ,
Northumberland,PA,474.6,  ,
DeWitt,TX,474.6,  ,
Greene,IA,474.6,  ,
Trego,KS,474.6,  ,
Phelps,MO,474.6,  ,
Spartanburg,SC,474.9,  ,
Hickman,TN,475.1,  ,
Maries,MO,475.1,  ,
Morgan,GA,475.2,  ,
Mitchell,IA,475.3,  ,
Northampton,NC,475.3,  ,
Marshall,WV,475.3,  ,
Patrick,VA,475.4,  ,
Dubois,IN,475.4,  ,
Lee,GA,475.4,  ,
Jasper,GA,475.5,  ,
Bingham,ID,475.7,  ,
Floyd,IA,475.7,  ,
Franklin,MO,475.7,  ,
Chariton,MO,475.8,  ,
Humboldt,IA,475.8,  ,
Crawford,PA,475.8,  ,
Caldwell,NC,476,  ,
Adair,MO,476.1,  ,
Montgomery,IA,476.1,  ,
Izard,AR,476.1,  ,
Marion,FL,476.2,  ,
Escambia,FL,476.2,  ,
McDonough,IL,476.2,  ,
Mahaska,IA,476.3,  ,
Hocking,OH,476.3,  ,
Greenup,KY,476.4,  ,
Davis,IA,476.6,  ,
Fulton,OH,476.6,  ,
Warren,IL,476.7,  ,
Terrell,GA,476.7,  ,
Morrow,OH,476.8,  ,
Nacogdoches,TX,476.8,  ,
Lander,NV,476.9,  ,
Washington,IL,477.1,  ,
Montgomery,NY,477.2,  ,
Rowan,NC,477.4,  ,
Spencer,IN,477.4,  ,
Archer,TX,477.4,  ,
Mineral,WV,477.4,  ,
Colonial Heights,VA,477.5,  ,
Hooker,NE,477.6,  ,
Montgomery,OH,477.6,  ,
Auglaize,OH,477.7,  ,
Grayson,TX,477.7,  ,
Dallas,MO,477.8,  ,
Wapello,IA,477.8,  ,
Lafayette,FL,477.8,  ,
Bethel,AK,477.9,  ,
Owen,IN,478.1,  ,
Clinton,IL,478.1,  ,
Lake,IN,478.2,  ,
Buffalo,SD,478.2,  ,
Caddo,LA,478.3,  ,
Knox,IN,478.5,  ,
St. Bernard,LA,478.5,  ,
Davidson,TN,478.5,  ,
Anderson,TN,478.5,  ,
Coryell,TX,478.5,  ,
Pulaski,VA,478.6,  ,
Crawford,IN,478.6,  ,
Crawford,IL,478.6,  ,
Pickens,GA,478.6,  ,
Levy,FL,478.8,  ,
Rolette,ND,478.8,  ,
Clay,TX,478.8,  ,
Edwards,IL,478.9,  ,
Stanislaus,CA,479,  ,
Harnett,NC,479.1,  ,
Fayette,TX,479.4,  ,
Hoke,NC,479.7,  ,
Otero,CO,479.9,  ,
Anderson,KS,480.4,  ,
Sussex,VA,480.4,  ,
Sumter,SC,480.5,  ,
Faulkner,AR,480.5,  ,
Missaukee,MI,480.8,  ,
Vance,NC,481,  ,
Wyandot,OH,481.1,  ,
Oktibbeha,MS,481.1,  ,
Lafayette,MO,481.3,  ,
Coshocton,OH,481.5,  ,
Van Buren,IA,481.6,  ,
Ste. Genevieve,MO,481.7,  ,
Alamosa,CO,481.8,  ,
Bay,FL,481.9,  ,
Madison,KY,482.1,  ,
Monroe,OH,482.1,  ,
Hamblen,TN,482.1,  ,
Hamilton,TN,482.6,  ,
Lee,TX,482.6,  ,
Bedford,PA,482.6,  ,
Branch,MI,482.6,  ,
Pulaski,IN,482.6,  ,
Kalkaska,MI,483,  ,
Sampson,NC,483,  ,
Mason,WV,483,  ,
Iron,MI,483.3,  ,
Gulf,FL,483.3,  ,
Georgetown,SC,483.6,  ,
Wabash,IN,483.7,  ,
Okeechobee,FL,484,  ,
Osceola,MI,484.2,  ,
Dickens,TX,484.3,  ,
Cass,MI,484.6,  ,
Adams,IA,484.7,  ,
San Bernardino,CA,484.8,  ,
McKean,PA,484.9,  ,
Bertie,NC,485.1,  ,
Perry,MO,485.5,  ,
Coffey,KS,485.5,  ,
Wilcox,GA,485.7,  ,
Allen,KS,485.8,  ,
Dooly,GA,485.9,  ,
Carter,TN,485.9,  ,
District of Columbia,DC,486,  ,
Hancock,KY,486,  ,
Warren,KY,486.1,  ,
Jackson,KS,486.1,  ,
Kern,CA,486.1,  ,
Mercer,PA,486.1,  ,
Duval,TX,486.2,  ,
Lafayette,LA,486.2,  ,
Lake,MI,486.2,  ,
Mecosta,MI,486.3,  ,
Pershing,NV,486.3,  ,
Lucas,IA,486.3,  ,
Wyandotte,KS,486.3,  ,
Cloud,KS,486.5,  ,
Vinton,OH,486.7,  ,
Ashland,OH,486.9,  ,
Rush,IN,486.9,  ,
Buchanan,MO,487,  ,
Worcester,MD,487.1,  ,
Bledsoe,TN,487.1,  ,
Brown,IL,487.2,  ,
Union,IL,487.2,  ,
Alleghany,VA,487.3,  ,
Greene,IN,487.4,  ,
Washoe,NV,487.4,  ,
Lynn,TX,487.5,  ,
Schuyler,IL,487.6,  ,
Atlantic,NJ,487.9,  ,
Appanoose,IA,488,  ,
Crawford,AR,488,  ,
Butler,KY,488.1,  ,
Ascension,LA,488.1,  ,
Barbour,WV,488.1,  ,
Washington,GA,488.2,  ,
Madison,GA,488.3,  ,
Glacier,MT,488.3,  ,
Chemung,NY,488.4,  ,
Evans,GA,488.4,  ,
Bond,IL,488.4,  ,
Hill,TX,488.4,  ,
Pickens,SC,488.6,  ,
Giles,VA,488.6,  ,
Iberville,LA,488.6,  ,
Calhoun,FL,488.7,  ,
Halifax,VA,488.7,  ,
St. James,LA,488.9,  ,
Carroll,MS,489,  ,
Pulaski,MO,489.1,  ,
Blackford,IN,489.1,  ,
Webster,WV,489.3,  ,
Putnam,WV,489.3,  ,
Lawrence,PA,489.4,  ,
Ringgold,IA,489.5,  ,
Thomas,GA,489.5,  ,
Miller,MO,489.5,  ,
Smith,MS,489.5,  ,
Ozark,MO,489.6,  ,
Chickasaw,IA,489.7,  ,
Woodson,KS,489.8,  ,
Payne,OK,489.8,  ,
Erath,TX,490,  ,
Larue,KY,490.2,  ,
Marion,MO,490.3,  ,
Shackelford,TX,490.3,  ,
Allen,OH,490.4,  ,
Nash,NC,490.4,  ,
Monroe,IA,490.4,  ,
Macon,MO,490.6,  ,
Lincoln,KY,490.7,  ,
Newton,IN,490.7,  ,
Bannock,ID,490.8,  ,
Dodge,GA,491.1,  ,
Sequatchie,TN,491.1,  ,
Washington,NC,491.2,  ,
Henry,IN,491.5,  ,
Delaware,IN,491.7,  ,
Eddy,NM,491.7,  ,
Taylor,WV,491.8,  ,
Polk,MO,491.9,  ,
Putnam,MO,492,  ,
Darke,OH,492,  ,
Nicholas,WV,492,  ,
Mineral,NV,492.1,  ,
Clark,NV,492.3,  ,
Gogebic,MI,492.3,  ,
Johnson,GA,492.3,  ,
Liberty,FL,492.4,  ,
Tyrrell,NC,492.4,  ,
Cuyahoga,OH,492.5,  ,
Parke,IN,492.5,  ,
Clinton,OH,492.6,  ,
St. Helena,LA,492.6,  ,
Taylor,FL,492.7,  ,
Warren,NC,492.8,  ,
Ritchie,WV,492.8,  ,
St. Joseph,MI,492.9,  ,
Laurens,SC,493,  ,
Shasta,CA,493.1,  ,
Madison,ID,493.2,  ,
Luzerne,PA,493.2,  ,
Knox,TX,493.4,  ,
Livingston,LA,493.4,  ,
Calhoun,MI,493.4,  ,
Catoosa,GA,493.5,  ,
Dougherty,GA,493.6,  ,
Kingfisher,OK,493.6,  ,
Thurston,NE,493.6,  ,
St. Clair,IL,493.8,  ,
Boone,IN,493.9,  ,
Hamilton,IL,493.9,  ,
Rush,KS,493.9,  ,
Livingston,IL,494,  ,
Montgomery,AL,494,  ,
White,IL,494.1,  ,
San Jacinto,TX,494.3,  ,
Haskell,TX,494.4,  ,
Sullivan,TN,494.5,  ,
Pocahontas,IA,494.7,  ,
Bulloch,GA,494.8,  ,
Saline,IL,494.9,  ,
Roane,WV,494.9,  ,
Baker,FL,495,  ,
DeSoto,MS,495,  ,
Lyon,NV,495.1,  ,
Hartley,TX,495.1,  ,
Morgan,TN,495.4,  ,
Chowan,NC,495.5,  ,
Suwannee,FL,495.6,  ,
Sandusky,OH,495.7,  ,
Panola,TX,495.7,  ,
Grainger,TN,495.9,  ,
Red River,LA,496.1,  ,
Upton,TX,496.6,  ,
McCulloch,TX,496.6,  ,
Comanche,TX,496.7,  ,
Lenawee,MI,496.7,  ,
Grayson,KY,496.9,  ,
Macoupin,IL,497,  ,
Knox,MO,497.2,  ,
Clay,IL,497.3,  ,
Decatur,IN,497.3,  ,
Lonoke,AR,497.3,  ,
Clay,WV,497.3,  ,
Garrett,MD,497.4,  ,
Macomb,MI,497.6,  ,
Washington,IN,497.7,  ,
Bourbon,KS,497.7,  ,
Jefferson,IL,497.8,  ,
Freestone,TX,497.8,  ,
Madison,AL,498.1,  ,
Allegany,MD,498.1,  ,
Halifax,NC,498.1,  ,
Cleveland,NC,498.3,  ,
Pulaski,GA,498.3,  ,
Bosque,TX,498.5,  ,
Harrison,MO,498.7,  ,
Edgar,IL,498.8,  ,
Wyoming,PA,498.8,  ,
Jasper,IN,498.9,  ,
Humboldt,CA,498.9,  ,
Garza,TX,499,  ,
Montgomery,IN,499.1,  ,
Northampton,VA,499.2,  ,
Charlotte,VA,499.2,  ,
Dent,MO,499.4,  ,
Scotland,NC,499.6,  ,
Marshall,IA,499.6,  ,
Pulaski,AR,499.6,  ,
Doddridge,WV,499.7,  ,
Staunton,VA,499.8,  ,
Floyd,TX,499.8,  ,
Taliaferro,GA,499.8,  ,
Camden,GA,499.9,  ,
Grady,GA,500,  ,
Decatur,IA,500,  ,
Johnson,TX,500,  ,
Caroline,MD,500.1,  ,
Neosho,KS,500.5,  ,
Carson,TX,500.5,  ,
Weakley,TN,500.8,  ,
Bossier,LA,500.8,  ,
Fulton,AR,501,  ,
Douglas,GA,501.1,  ,
Roane,TN,501.1,  ,
De Soto,LA,501.3,  ,
Jefferson,MO,501.5,  ,
Falls,TX,501.5,  ,
Wayne,IA,501.6,  ,
Perry,IN,501.8,  ,
Osage,OK,501.8,  ,
Huron,OH,501.8,  ,
Jackson,WV,501.8,  ,
Wirt,WV,501.9,  ,
Edmonson,KY,501.9,  ,
Presque Isle,MI,502,  ,
Foard,TX,502.3,  ,
Lamb,TX,502.4,  ,
Chautauqua,NY,502.5,  ,
Rockcastle,KY,502.5,  ,
Howard,MO,502.6,  ,
Pacific,WA,502.7,  ,
Daviess,MO,502.8,  ,
Jersey,IL,502.8,  ,
Jackson,GA,502.8,  ,
Clayton,GA,502.9,  ,
Mercer,WV,502.9,  ,
Wayne,IL,503,  ,
Audrain,MO,503.2,  ,
Isabella,MI,503.4,  ,
Hardeman,TX,503.4,  ,
Montgomery,TN,503.4,  ,
Tuscola,MI,503.5,  ,
Niagara,NY,503.7,  ,
Jefferson,TN,503.7,  ,
Wichita,TX,503.8,  ,
Wetzel,WV,503.8,  ,
Prince Edward,VA,503.9,  ,
Trousdale,TN,503.9,  ,
Jackson,OK,503.9,  ,
Wagoner,OK,504,  ,
Wilbarger,TX,504,  ,
Pope,AR,504.1,  ,
Searcy,AR,504.1,  ,
Houston,GA,504.2,  ,
Richland,OH,504.2,  ,
Scott,VA,504.3,  ,
Chambers,TX,504.4,  ,
Kanawha,WV,504.5,  ,
Fairfield,SC,504.9,  ,
Adams,MS,504.9,  ,
Tulare,CA,504.9,  ,
Iroquois,IL,505.1,  ,
Colorado,TX,505.1,  ,
Monroe,GA,505.2,  ,
Cecil,MD,505.3,  ,
Fayette,TN,505.7,  ,
Howard,IN,505.8,  ,
Cass,IL,505.9,  ,
Brown,TX,506,  ,
Fisher,TX,506,  ,
Casey,KY,506.1,  ,
Ontonagon,MI,506.1,  ,
Frio,TX,506.2,  ,
Mercer,MO,506.3,  ,
Pickaway,OH,506.4,  ,
Carter,KY,506.5,  ,
Shiawassee,MI,506.7,  ,
Lubbock,TX,506.7,  ,
Wood,WV,506.9,  ,
Hansford,TX,507.1,  ,
Moniteau,MO,507.1,  ,
Van Buren,MI,507.4,  ,
Wood,OH,507.6,  ,
Butts,GA,507.6,  ,
Unicoi,TN,507.7,  ,
East Baton Rouge,LA,507.8,  ,
Arthur,NE,507.8,  ,
Portage,OH,507.9,  ,
Churchill,NV,507.9,  ,
Lanier,GA,507.9,  ,
Bourbon,KY,508.1,  ,
Kankakee,IL,508.1,  ,
Clarendon,SC,508.1,  ,
Union,TN,508.3,  ,
Shelby,TN,508.4,  ,
Rutherford,NC,508.5,  ,
Ottawa,OH,508.5,  ,
Cape May,NJ,508.7,  ,
Johnson,MO,508.7,  ,
Monona,IA,508.8,  ,
Pontotoc,MS,509,  ,
Lynchburg,VA,509,  ,
Vermilion,IL,509.2,  ,
Marshall,MS,509.5,  ,
Lapeer,MI,509.6,  ,
Lackawanna,PA,509.9,  ,
Limestone,TX,510.1,  ,
Upshur,WV,510.1,  ,
Harmon,OK,510.1,  ,
Terrebonne,LA,510.3,  ,
Carlisle,KY,510.3,  ,
Emery,UT,510.3,  ,
McCracken,KY,510.7,  ,
Carson City,NV,510.7,  ,
Pettis,MO,510.8,  ,
Clark,IN,510.8,  ,
Hawkins,TN,510.8,  ,
Ray,MO,511,  ,
Perry,MS,511,  ,
Hancock,MS,511,  ,
Alfalfa,OK,511.1,  ,
Ripley,IN,511.3,  ,
San Augustine,TX,511.5,  ,
Wayne,MO,511.7,  ,
Hancock,GA,511.8,  ,
Assumption,LA,512.1,  ,
Clark,MO,512.2,  ,
Hall,TX,512.2,  ,
Dade,MO,512.3,  ,
Miami,OH,512.4,  ,
Pike,MO,512.5,  ,
Walton,GA,512.6,  ,
Scott,TN,512.7,  ,
Bland,VA,513.1,  ,
Harrison,TX,513.2,  ,
Putnam,TN,513.3,  ,
Philadelphia,PA,513.4,  ,
Jefferson,AL,513.4,  ,
Lyon,KY,513.5,  ,
Greene,NC,513.5,  ,
Fulton,IN,513.6,  ,
Chambers,AL,513.6,  ,
Colquitt,GA,513.6,  ,
Madison,TX,513.7,  ,
Barnwell,SC,513.9,  ,
Effingham,GA,514.2,  ,
Rowan,KY,514.2,  ,
Yazoo,MS,514.3,  ,
Union,LA,514.6,  ,
Williamsburg,SC,514.6,  ,
Ashtabula,OH,514.7,  ,
Eastland,TX,514.8,  ,
Lincoln,WV,514.8,  ,
Richmond,NY,514.9,  ,
Scott,MO,514.9,  ,
Smyth,VA,515.2,  ,
Wise,TX,515.3,  ,
Webster,GA,515.3,  ,
Perry,AR,516.3,  ,
Tillman,OK,516.3,  ,
Crawford,KS,516.4,  ,
Throckmorton,TX,516.4,  ,
Clark,IL,516.5,  ,
Madison,MS,516.5,  ,
Garfield,OK,516.7,  ,
Mecklenburg,VA,516.7,  ,
Brown,OH,517,  ,
Madison,IL,517,  ,
Grant,IN,517.1,  ,
Nolan,TX,517.2,  ,
Autauga,AL,517.4,  ,
Hillsdale,MI,517.4,  ,
Gilmer,WV,517.5,  ,
Mellette,SD,517.6,  ,
Texas,MO,517.6,  ,
Bryan,OK,517.7,  ,
Shelby,TX,518,  ,
Wharton,TX,518.2,  ,
Fentress,TN,518.2,  ,
Woods,OK,518.2,  ,
Gratiot,MI,518.2,  ,
Butler,MO,518.7,  ,
Marion,OH,518.7,  ,
Screven,GA,519,  ,
Howell,MO,519.2,  ,
Lawrence,MO,519.5,  ,
Lowndes,MS,519.9,  ,
Crosby,TX,519.9,  ,
Sabine,LA,520.1,  ,
Comanche,OK,520.1,  ,
Hamilton,FL,520.2,  ,
Smith,TN,520.2,  ,
La Salle,LA,520.5,  ,
Ector,TX,520.6,  ,
Clinton,MO,520.7,  ,
Highland,OH,520.8,  ,
Shannon,MO,520.9,  ,
Perquimans,NC,521,  ,
Sierra,NM,521,  ,
Columbiana,OH,521.1,  ,
Todd,SD,521.1,  ,
Silver Bow,MT,521.4,  ,
Cattaraugus,NY,521.5,  ,
Jones,TX,521.5,  ,
Fall River,SD,521.7,  ,
St. Mary,LA,521.8,  ,
Dillingham,AK,521.8,  ,
LaPorte,IN,521.9,  ,
Webster,IA,522,  ,
Oklahoma,OK,522,  ,
Coleman,TX,522.1,  ,
Laclede,MO,522.2,  ,
Jackson,FL,522.3,  ,
Lee,VA,522.3,  ,
Hale,TX,522.7,  ,
Callahan,TX,522.8,  ,
Greer,OK,522.8,  ,
Crawford,OH,523,  ,
Bartow,GA,523,  ,
Cotton,OK,523.2,  ,
Huron,MI,523.2,  ,
Marshall,KY,523.3,  ,
Lauderdale,AL,523.4,  ,
Summers,WV,523.5,  ,
Cape Girardeau,MO,523.9,  ,
Brown,KS,524.2,  ,
Loving,TX,524.2,  ,
St. Clair,MI,524.4,  ,
Salem,NJ,524.4,  ,
McDuffie,GA,524.5,  ,
Baylor,TX,524.6,  ,
Childress,TX,524.8,  ,
Karnes,TX,524.9,  ,
Fayette,WV,524.9,  ,
Jackson,SD,525,  ,
Webster,MO,525.1,  ,
Major,OK,525.3,  ,
Moore,TX,525.3,  ,
Overton,TN,525.5,  ,
Vernon,MO,525.7,  ,
Taylor,KY,526.1,  ,
Owen,KY,526.2,  ,
Perry,OH,526.3,  ,
Taylor,TX,526.4,  ,
Armstrong,TX,526.6,  ,
Prairie,AR,526.6,  ,
Delaware,OK,526.8,  ,
Pike,OH,527.1,  ,
Jackson,MS,527.1,  ,
Jennings,IN,527.2,  ,
Brooke,WV,527.2,  ,
Lee,MS,527.4,  ,
Bleckley,GA,527.6,  ,
Grant,OK,527.8,  ,
Roger Mills,OK,527.8,  ,
Brantley,GA,528,  ,
Madison,FL,528.1,  ,
Cimarron,OK,528.1,  ,
Barton,MO,528.1,  ,
Bates,MO,528.3,  ,
Jackson,MI,528.4,  ,
Sanilac,MI,528.5,  ,
Spalding,GA,528.7,  ,
Alpine,CA,528.8,  ,
Bladen,NC,528.8,  ,
Cannon,TN,529,  ,
Crittenden,AR,529.1,  ,
Shelby,OH,529.2,  ,
Yuba,CA,529.3,  ,
Scott,IN,529.3,  ,
Hart,KY,529.3,  ,
Morton,KS,529.3,  ,
Matagorda,TX,529.3,  ,
Norfolk,VA,529.3,  ,
Marion,GA,529.5,  ,
Wythe,VA,529.6,  ,
Wayne,NC,529.8,  ,
Cedar,MO,529.9,  ,
Stanly,NC,530.2,  ,
Marion,TX,530.2,  ,
Randolph,IN,530.4,  ,
Trumbull,OH,530.5,  ,
Reynolds,MO,530.5,  ,
St. Clair,MO,530.6,  ,
Johnston,OK,530.6,  ,
Calloway,KY,530.6,  ,
Martin,KY,530.9,  ,
Elk,KS,531.2,  ,
Lewis,TN,531.2,  ,
Bee,TX,531.6,  ,
Jackson,TN,531.7,  ,
Wilson,KS,531.8,  ,
Grant,AR,532,  ,
Phillips,AR,532.1,  ,
Graves,KY,532.3,  ,
Montmorency,MI,532.4,  ,
Tazewell,VA,532.5,  ,
Pike,GA,532.6,  ,
Sherman,TX,532.9,  ,
Gladwin,MI,533,  ,
Jackson,TX,533.4,  ,
Bennett,SD,533.5,  ,
McDonald,MO,533.6,  ,
Carroll,GA,533.6,  ,
Rusk,TX,534.2,  ,
Harrison,OH,534.3,  ,
Turner,GA,534.4,  ,
Stone,MO,535,  ,
Ward,TX,535.2,  ,
Hardin,OH,535.4,  ,
Sullivan,IN,535.5,  ,
Morgan,IL,535.6,  ,
Barber,KS,535.7,  ,
Cumberland,NJ,535.8,  ,
Andrews,TX,535.8,  ,
Guernsey,OH,536.1,  ,
Attala,MS,536.3,  ,
Mohave,AZ,536.4,  ,
Wayne,GA,536.5,  ,
Brooks,GA,536.5,  ,
McLean,KY,536.6,  ,
Stewart,TN,536.6,  ,
Elbert,GA,536.8,  ,
Starke,IN,537.2,  ,
Pulaski,IL,537.6,  ,
Limestone,AL,537.8,  ,
Harper,OK,537.8,  ,
Appomattox,VA,538.2,  ,
Pulaski,KY,538.3,  ,
Belmont,OH,539,  ,
Madison,TN,539,  ,
Murray,GA,539.1,  ,
Russell,AL,539.3,  ,
Hot Spring,AR,539.3,  ,
Lawrence,OH,539.5,  ,
Trigg,KY,539.6,  ,
Navarro,TX,539.7,  ,
Drew,AR,540.2,  ,
Barren,KY,540.3,  ,
Wood,TX,540.4,  ,
Blaine,OK,540.5,  ,
Seneca,OH,540.6,  ,
Shelby,MO,540.8,  ,
Bienville,LA,540.9,  ,
Magoffin,KY,540.9,  ,
Titus,TX,540.9,  ,
Pearl River,MS,541,  ,
Mahoning,OH,541,  ,
Zavala,TX,541.2,  ,
Van Zandt,TX,541.2,  ,
Pickett,TN,541.2,  ,
White,TN,541.2,  ,
Lucas,OH,541.7,  ,
Greene,PA,541.9,  ,
Monroe,MS,542.2,  ,
Boone,WV,542.3,  ,
Menifee,KY,542.4,  ,
Livingston,KY,542.5,  ,
Randolph,GA,542.7,  ,
Sevier,AR,542.8,  ,
Sullivan,MO,542.8,  ,
Noble,OK,542.8,  ,
Montgomery,AR,543.2,  ,
Christian,KY,543.3,  ,
Camp,TX,543.4,  ,
Wheeler,TX,543.5,  ,
Russell,VA,543.5,  ,
Mitchell,GA,543.5,  ,
Donley,TX,543.7,  ,
Cherokee,AL,544,  ,
Van Buren,TN,544.2,  ,
Winkler,TX,544.4,  ,
Stephens,TX,544.5,  ,
Smith,TX,544.6,  ,
Upshur,TX,544.7,  ,
Allen,KY,544.8,  ,
Wayne,KY,545.2,  ,
Dorchester,MD,545.5,  ,
Pike,AL,545.7,  ,
Calhoun,GA,545.8,  ,
Beckham,OK,545.9,  ,
Roanoke City,VA,546.1,  ,
Cheatham,TN,546.4,  ,
Northwest Arctic,AK,546.4,  ,
Gregg,TX,546.5,  ,
Howard,IA,546.8,  ,
Quitman,GA,546.9,  ,
Grady,OK,546.9,  ,
Lea,NM,547.1,  ,
Leake,MS,547.1,  ,
Baker,GA,547.2,  ,
Adams,OH,547.3,  ,
Oregon,MO,547.5,  ,
Lamar,AL,547.5,  ,
Clare,MI,547.8,  ,
Houston,TX,547.8,  ,
Johnson,AR,547.9,  ,
Greene,TN,548.1,  ,
Lunenburg,VA,548.2,  ,
Raleigh,WV,548.3,  ,
Logan,AR,548.7,  ,
Trimble,KY,548.7,  ,
Lafayette,MS,548.7,  ,
Clay,MS,548.7,  ,
St. Clair,AL,548.9,  ,
Jefferson,IN,549,  ,
Webster,KY,549.2,  ,
Miami,IN,549.7,  ,
Blount,AL,550.6,  ,
Martin,NC,550.7,  ,
Logan,OH,550.9,  ,
Lincoln,OK,550.9,  ,
Carroll,AR,550.9,  ,
Lowndes,GA,551.4,  ,
Lamar,GA,551.5,  ,
Hemphill,TX,551.7,  ,
Gordon,GA,552,  ,
Pierce,GA,552.3,  ,
Robertson,TN,552.3,  ,
Robertson,TX,552.6,  ,
Robeson,NC,552.6,  ,
Jasper,MO,552.6,  ,
McClain,OK,552.7,  ,
Chautauqua,KS,553.1,  ,
Crockett,TX,553.1,  ,
Meigs,OH,553.2,  ,
Douglas,MO,553.3,  ,
Clinton,KY,553.3,  ,
Carter,MO,553.4,  ,
Richmond,GA,553.5,  ,
Mitchell,TX,553.5,  ,
Alpena,MI,553.6,  ,
Jackson,LA,553.6,  ,
Franklin,TX,553.7,  ,
Boyd,NE,554.1,  ,
Cook,GA,554.3,  ,
Portsmouth,VA,554.7,  ,
St. Louis City,MO,555,  ,
Woodward,OK,555.1,  ,
Muhlenberg,KY,555.1,  ,
Clark,OH,555.4,  ,
Laurel,KY,555.7,  ,
Greene,AR,555.8,  ,
Carroll,MO,555.9,  ,
Roscommon,MI,556.3,  ,
Barry,MO,556.5,  ,
Washington,AL,556.5,  ,
Hopewell,VA,556.5,  ,
Giles,TN,556.5,  ,
Collingsworth,TX,556.6,  ,
Dickenson,VA,556.6,  ,
Accomack,VA,556.8,  ,
Kaufman,TX,557.3,  ,
Scott,AR,557.5,  ,
Benton,MS,557.5,  ,
Wise,VA,557.6,  ,
Bracken,KY,558.1,  ,
Meigs,TN,558.2,  ,
Franklin,TN,558.3,  ,
Union,KY,558.3,  ,
Chenango,NY,558.3,  ,
Lawrence,TN,558.5,  ,
Fayette,PA,558.5,  ,
Geary,KS,558.7,  ,
Norton,VA,558.8,  ,
Hickman,KY,559,  ,
Harrison,WV,559.1,  ,
Stewart,GA,559.3,  ,
Ballard,KY,559.6,  ,
Todd,KY,560.2,  ,
Newton,MO,560.4,  ,
Lewis,MO,560.6,  ,
Hunt,TX,560.6,  ,
Hancock,TN,560.7,  ,
Berrien,MI,560.9,  ,
Hampton,SC,561,  ,
Marion,MS,561.7,  ,
Dade,GA,561.7,  ,
Alexander,IL,562.1,  ,
Stephens,GA,562.2,  ,
Randolph,MO,562.2,  ,
Henry,AL,562.4,  ,
Bradley,TN,562.5,  ,
Gray,TX,562.5,  ,
Citrus,FL,563,  ,
Warren,GA,563.2,  ,
Heard,GA,563.4,  ,
Jenkins,GA,563.5,  ,
Pickens,AL,563.5,  ,
Chaves,NM,563.5,  ,
Garland,AR,563.8,  ,
Burke,GA,563.8,  ,
Chester,TN,563.8,  ,
Macon,TN,564,  ,
Pasquotank,NC,564.6,  ,
Kay,OK,564.9,  ,
Holmes,FL,564.9,  ,
Bay,MI,565,  ,
Buchanan,VA,565.1,  ,
Franklin,MS,565.2,  ,
Sharp,AR,565.2,  ,
Montague,TX,565.5,  ,
St. Francois,MO,565.6,  ,
Tuscaloosa,AL,565.8,  ,
Labette,KS,565.8,  ,
Tipton,TN,565.9,  ,
Dallas,AR,566.1,  ,
Colbert,AL,566.2,  ,
Ohio,KY,566.2,  ,
Marion,IL,566.2,  ,
Calhoun,MS,566.3,  ,
Genesee,MI,566.4,  ,
Clay,GA,566.5,  ,
Clark,AR,566.7,  ,
Oscoda,MI,566.7,  ,
Chester,SC,566.7,  ,
Sebastian,AR,566.9,  ,
Randolph,AR,567.2,  ,
Tift,GA,567.5,  ,
Boyd,KY,567.5,  ,
Berrien,GA,568,  ,
Miller,AR,568.1,  ,
Gallatin,IL,568.1,  ,
Vigo,IN,568.2,  ,
Choctaw,MS,568.2,  ,
Metcalfe,KY,568.4,  ,
Green,KY,569,  ,
Lawrence,AR,569,  ,
Craighead,AR,569,  ,
Stoddard,MO,569.1,  ,
Sterling,TX,569.6,  ,
Hardin,TX,569.7,  ,
Bollinger,MO,569.7,  ,
Rogers,OK,570,  ,
Carroll,KY,570.2,  ,
Issaquena,MS,570.4,  ,
Russell,KY,570.5,  ,
Hancock,WV,570.9,  ,
Henderson,TN,571.2,  ,
Moore,TN,571.4,  ,
Pike,KY,571.8,  ,
Coosa,AL,571.9,  ,
Fleming,KY,572.2,  ,
Massac,IL,572.2,  ,
Tallapoosa,AL,572.3,  ,
Clarke,AL,572.5,  ,
Grant,LA,572.5,  ,
Rhea,TN,572.7,  ,
Mobile,AL,572.8,  ,
Knox,KY,572.9,  ,
Conway,AR,573.1,  ,
Montgomery,KY,573.2,  ,
Hinds,MS,573.6,  ,
Hopkins,TX,573.6,  ,
Creek,OK,573.7,  ,
Yell,AR,573.9,  ,
Franklin,AR,574,  ,
Rains,TX,574,  ,
Lipscomb,TX,574.1,  ,
Schuylkill,PA,574.4,  ,
Madison,MO,574.9,  ,
Anson,NC,575.1,  ,
Arenac,MI,575.4,  ,
Preble,OH,575.6,  ,
Marion,AR,575.6,  ,
Nye,NV,575.7,  ,
Chattahoochee,GA,576.1,  ,
Clay,IN,576.1,  ,
Wyoming,WV,576.3,  ,
Washington,LA,576.4,  ,
Polk,AR,576.6,  ,
Lewis,WV,576.6,  ,
Letcher,KY,577,  ,
Houston,AL,577.1,  ,
Tulsa,OK,577.3,  ,
Forrest,MS,577.6,  ,
Jones,MS,577.7,  ,
Tangipahoa,LA,577.9,  ,
Simpson,KY,578,  ,
Ellis,OK,578.2,  ,
Dale,AL,578.5,  ,
Ashley,AR,578.5,  ,
Laurens,GA,578.8,  ,
Simpson,MS,578.9,  ,
St. Martin,LA,579.2,  ,
Clark,KY,579.2,  ,
McDowell,WV,579.2,  ,
Wayne,TN,579.2,  ,
Clay,TN,579.3,  ,
Winston,AL,579.4,  ,
Fayette,IN,579.5,  ,
St. John the Baptist,LA,579.5,  ,
Monroe,AL,579.6,  ,
Troup,GA,580.3,  ,
Grant,KY,580.3,  ,
Ripley,MO,580.7,  ,
Vermillion,IN,580.8,  ,
Polk,TN,580.9,  ,
Nowata,OK,581,  ,
Hopkins,KY,581.1,  ,
Mason,KY,581.5,  ,
Montgomery,GA,581.5,  ,
Acadia,LA,581.7,  ,
Natchitoches,LA,582,  ,
Claiborne,LA,582.2,  ,
Newton,AR,582.2,  ,
McMinn,TN,582.2,  ,
Talbot,GA,582.7,  ,
Decatur,GA,582.8,  ,
Kiowa,OK,582.8,  ,
Sabine,TX,583,  ,
Caldwell,KY,583.2,  ,
Bamberg,SC,583.4,  ,
Garvin,OK,583.5,  ,
Cherokee,SC,583.8,  ,
Atkinson,GA,583.9,  ,
Sumter,GA,584.2,  ,
Mariana Islands,MP,584.2,  ,
Bath,KY,584.3,  ,
Baltimore City,MD,584.5,  ,
Cherokee,OK,584.6,  ,
Seminole,GA,584.6,  ,
Roosevelt,MT,584.8,  ,
Dewey,OK,584.9,  ,
Linn,MO,585.2,  ,
Ware,GA,585.2,  ,
Union,AR,585.3,  ,
Iosco,MI,585.9,  ,
Lenoir,NC,586.2,  ,
Early,GA,586.2,  ,
Geneva,AL,586.3,  ,
Jefferson,TX,586.5,  ,
Obion,TN,586.8,  ,
Kemper,MS,586.8,  ,
Noxubee,MS,586.9,  ,
Beaver,OK,586.9,  ,
Carter,OK,587.2,  ,
Alcona,MI,587.2,  ,
Roberts,TX,587.4,  ,
Morgan,MO,587.6,  ,
Jackson,AR,587.6,  ,
Lawrence,KY,587.7,  ,
Delta,TX,587.9,  ,
Barbour,AL,588.3,  ,
Cleveland,AR,588.3,  ,
Murray,OK,588.4,  ,
Bullock,AL,588.6,  ,
Morgan,AL,589,  ,
Wilkes,GA,589.1,  ,
Jefferson Davis,MS,589.3,  ,
Jack,TX,589.3,  ,
Kleberg,TX,589.5,  ,
Warren,TN,589.8,  ,
Newton,MS,590,  ,
Cherokee,TX,590.6,  ,
Ouachita,AR,590.8,  ,
Pawnee,OK,591.1,  ,
Florence,SC,591.1,  ,
Escambia,AL,591.5,  ,
Marshall,TN,592.3,  ,
Irwin,GA,592.4,  ,
Glascock,GA,592.8,  ,
Lewis,KY,592.8,  ,
Henry,MO,592.9,  ,
Hardin,IL,593.3,  ,
Coffee,AL,593.4,  ,
Marion,WV,593.5,  ,
Angelina,TX,593.7,  ,
Logan,WV,593.8,  ,
Cross,AR,594.3,  ,
Union,MS,594.3,  ,
Washington,OK,594.3,  ,
Mayes,OK,594.3,  ,
Custer,OK,594.3,  ,
Stephens,OK,594.5,  ,
Palo Pinto,TX,594.5,  ,
Lee,AR,594.6,  ,
Stone,MS,594.8,  ,
Wayne,IN,594.9,  ,
Lamar,TX,595.3,  ,
Tate,MS,595.4,  ,
Ogemaw,MI,595.4,  ,
Terry,TX,595.7,  ,
Mercer,OH,595.8,  ,
Scott,KY,595.9,  ,
Scott,MS,596.1,  ,
Harrison,KY,596.7,  ,
Jefferson,OH,597,  ,
Morris,TX,597,  ,
Chesterfield,SC,597,  ,
Tyler,TX,597.2,  ,
Pointe Coupee,LA,597.3,  ,
Lafayette,AR,597.8,  ,
Elmore,AL,597.8,  ,
Adair,KY,598.1,  ,
Montgomery,MO,598.3,  ,
Washita,OK,598.5,  ,
Rock,NE,598.9,  ,
Cherokee,KS,599.1,  ,
Union,SC,599.1,  ,
Wicomico,MD,599.2,  ,
Evangeline,LA,599.4,  ,
Tattnall,GA,599.4,  ,
Itawamba,MS,599.5,  ,
DeKalb,TN,599.5,  ,
Jasper,TX,599.6,  ,
Pontotoc,OK,600.3,  ,
Crenshaw,AL,600.3,  ,
Allen,LA,600.6,  ,
Sumter,AL,600.9,  ,
Twiggs,GA,601.6,  ,
Caddo,OK,601.7,  ,
Clay,AR,601.8,  ,
Floyd,GA,602.3,  ,
Jim Wells,TX,602.5,  ,
Jefferson,GA,603.1,  ,
Marion,TN,603.5,  ,
Lawrence,AL,603.7,  ,
Pike,AR,604,  ,
Treutlen,GA,604.1,  ,
Edgecombe,NC,604.2,  ,
Webster,LA,604.2,  ,
Coffee,GA,604.3,  ,
Montgomery,MS,605.1,  ,
Columbia,AR,605.4,  ,
Nicholas,KY,605.5,  ,
Kingman,KS,605.7,  ,
Prentiss,MS,605.8,  ,
DeKalb,AL,606.7,  ,
McCreary,KY,606.8,  ,
Cass,TX,606.8,  ,
Calhoun,AR,607.8,  ,
Potter,TX,608,  ,
Marshall,AL,608.7,  ,
Nome,AK,609.2,  ,
Taylor,GA,609.2,  ,
Red River,TX,610.5,  ,
Bedford,TN,610.7,  ,
Wayne,MI,610.7,  ,
Franklin,AL,611.2,  ,
Boone,AR,612.5,  ,
Appling,GA,612.5,  ,
Young,TX,612.5,  ,
Franklin,GA,612.6,  ,
Little River,AR,612.7,  ,
White,AR,612.8,  ,
Jasper,MS,612.9,  ,
Cooper,MO,613.6,  ,
Wayne,MS,614,  ,
New Madrid,MO,614.1,  ,
Robertson,KY,614.4,  ,
Henderson,TX,614.6,  ,
Lowndes,AL,615.3,  ,
Harrison,MS,615.5,  ,
Bibb,AL,615.6,  ,
Johnson,KY,616.3,  ,
Dillon,SC,616.6,  ,
Gallatin,KY,617.3,  ,
Dickson,TN,617.8,  ,
Nevada,AR,618.4,  ,
Crawford,GA,618.8,  ,
Jackson,OH,619,  ,
Sharkey,MS,619.6,  ,
Chicot,AR,619.7,  ,
Fulton,KY,620.4,  ,
Winston,MS,620.5,  ,
Hardeman,TN,621.4,  ,
Cumberland,KY,622.1,  ,
Conecuh,AL,622.4,  ,
Columbus,NC,622.4,  ,
Allendale,SC,622.6,  ,
Chickasaw,MS,622.8,  ,
Concordia,LA,623.9,  ,
Scioto,OH,624,  ,
Greene,AL,624.1,  ,
Bristol,VA,624.3,  ,
Ben Hill,GA,624.5,  ,
Toombs,GA,624.8,  ,
Miller,GA,626,  ,
Bowie,TX,626.8,  ,
Peach,GA,627,  ,
Trinity,TX,627.1,  ,
Coahoma,MS,628,  ,
Fayette,OH,628.7,  ,
Fannin,TX,629,  ,
Houston,TN,629.3,  ,
Washington,MS,629.3,  ,
Mingo,WV,629.4,  ,
Gallia,OH,629.8,  ,
Danville,VA,630.3,  ,
Meriwether,GA,630.5,  ,
Independence,AR,631.3,  ,
Amite,MS,631.3,  ,
Haralson,GA,632.2,  ,
Hale,AL,632.6,  ,
Estill,KY,632.7,  ,
Copiah,MS,632.7,  ,
Decatur,TN,632.7,  ,
Montgomery,KS,633.4,  ,
Iberia,LA,633.5,  ,
Butler,AL,634.2,  ,
Perry,AL,635.4,  ,
Muscogee,GA,635.7,  ,
Lincoln,AR,636.5,  ,
Clay,AL,636.6,  ,
Taney,MO,636.7,  ,
Richmond,NC,636.9,  ,
Baldwin,GA,637.3,  ,
Tippah,MS,637.7,  ,
Cameron,LA,638.3,  ,
Liberty,TX,639.3,  ,
Mississippi,MO,639.7,  ,
Benton,TN,639.8,  ,
Lauderdale,MS,640.2,  ,
Adair,OK,640.4,  ,
Grundy,TN,640.8,  ,
Covington,AL,640.9,  ,
Washington,FL,641.2,  ,
Woodruff,AR,641.4,  ,
Lincoln,TN,641.4,  ,
Colleton,SC,642.4,  ,
Crittenden,KY,642.5,  ,
St. Francis,AR,643,  ,
Jefferson,AR,643.4,  ,
Polk,GA,643.6,  ,
Walthall,MS,644.1,  ,
Claiborne,TN,644.3,  ,
Lincoln,MS,644.6,  ,
Jefferson,OK,644.6,  ,
Humphreys,TN,645.1,  ,
Chilton,AL,646.1,  ,
Campbell,TN,646.3,  ,
Emporia,VA,646.8,  ,
Vermilion,LA,647.8,  ,
Somerset,MD,648.1,  ,
Sioux,ND,649.5,  ,
Tallahatchie,MS,649.7,  ,
Knott,KY,649.8,  ,
Greensville,VA,650,  ,
Winn,LA,650.8,  ,
Coffee,TN,651.5,  ,
Chattooga,GA,651.7,  ,
Sequoyah,OK,652.4,  ,
East Carroll,LA,652.8,  ,
Haywood,TN,652.8,  ,
Vernon,LA,652.9,  ,
Floyd,KY,652.9,  ,
Arkansas,AR,653.3,  ,
Perry,TN,653.4,  ,
Cullman,AL,653.8,  ,
Bradley,AR,654.1,  ,
Hutchinson,TX,656.7,  ,
Etowah,AL,656.8,  ,
East Feliciana,LA,658.5,  ,
Brunswick,VA,658.5,  ,
Bibb,GA,658.7,  ,
Le Flore,OK,659,  ,
Warren,MS,659.3,  ,
Talladega,AL,659.3,  ,
McCurtain,OK,659.8,  ,
Mountrail,ND,659.9,  ,
Greene,MS,660.1,  ,
Texas,OK,660.3,  ,
Macon,GA,661.7,  ,
Choctaw,OK,661.9,  ,
Okfuskee,OK,662,  ,
Newton,TX,662.3,  ,
Latimer,OK,662.4,  ,
Claiborne,MS,662.6,  ,
Wilkinson,GA,662.8,  ,
Marion,AL,663.4,  ,
George,MS,663.6,  ,
Hempstead,AR,663.7,  ,
Orange,TX,664.2,  ,
Candler,GA,664.3,  ,
Pottawatomie,OK,664.4,  ,
Macon,AL,664.9,  ,
Cleburne,AL,665.1,  ,
Humphreys,MS,665.8,  ,
Anderson,TX,666.4,  ,
West Carroll,LA,666.8,  ,
Jackson,AL,668.2,  ,
Atoka,OK,668.5,  ,
Pushmataha,OK,669.4,  ,
Fayette,AL,670.1,  ,
Union,FL,671.1,  ,
Mississippi,AR,672.1,  ,
Rapides,LA,673.7,  ,
Avoyelles,LA,673.9,  ,
Iron,MO,674.1,  ,
Poinsett,AR,674.2,  ,
Washington,AR,674.9,  ,
Alcorn,MS,676.6,  ,
Beauregard,LA,677.3,  ,
Galax,VA,677.3,  ,
Gibson,TN,677.7,  ,
Henry,TN,678,  ,
Corson,SD,678.1,  ,
St. Landry,LA,678.4,  ,
Jefferson Davis,LA,678.4,  ,
Powell,KY,678.7,  ,
Randolph,AL,679,  ,
Pittsburg,OK,679.5,  ,
Lake,TN,680.1,  ,
Craig,OK,680.8,  ,
Nottoway,VA,681,  ,
Holmes,MS,681.1,  ,
Quitman,MS,681.5,  ,
Richland,LA,683,  ,
Okmulgee,OK,683.2,  ,
Lawrence,MS,683.8,  ,
Emanuel,GA,683.8,  ,
Walker,GA,683.9,  ,
Ochiltree,TX,684.4,  ,
Hardin,TN,684.5,  ,
McNairy,TN,684.9,  ,
Polk,TX,685.5,  ,
Lauderdale,TN,687.3,  ,
Pike,MS,687.5,  ,
Jefferson,MS,689.5,  ,
Panola,MS,692.2,  ,
Wright,MO,692.5,  ,
Howard,AR,694.1,  ,
Jeff Davis,GA,695.2,  ,
Covington,MS,695.8,  ,
Choctaw,AL,698.4,  ,
Haskell,OK,698.5,  ,
Burleson,TX,698.6,  ,
Wilcox,AL,699.9,  ,
Bacon,GA,701.1,  ,
Dunklin,MO,701.5,  ,
Tishomingo,MS,701.7,  ,
Sunflower,MS,702.5,  ,
Wilkinson,MS,703,  ,
Darlington,SC,704.2,  ,
Marion,SC,706.6,  ,
Morehouse,LA,707,  ,
Madison,AR,707.8,  ,
Clay,KY,708.9,  ,
Tensas,LA,709.5,  ,
Howard,TX,710.7,  ,
Calcasieu,LA,711,  ,
Coal,OK,716,  ,
Lee,SC,716.5,  ,
Petersburg,VA,717.4,  ,
Monroe,KY,717.9,  ,
Yalobusha,MS,719.7,  ,
Upson,GA,720,  ,
McIntosh,OK,720.1,  ,
Ottawa,OK,720.4,  ,
Lee,KY,723.8,  ,
Crawford,MO,725,  ,
Washington,MO,728.3,  ,
Seminole,OK,729,  ,
Jackson,KY,730.6,  ,
Bell,KY,730.8,  ,
Owsley,KY,731.5,  ,
Marlboro,SC,733.1,  ,
Crockett,TN,733.7,  ,
Monroe,AR,734.5,  ,
Marengo,AL,736.9,  ,
Clinch,GA,740.6,  ,
Clarke,MS,740.8,  ,
Dyer,TN,741.4,  ,
Guam,GU,745,  ,
Franklin City,VA,745.8,  ,
Bolivar,MS,746.9,  ,
Hughes,OK,749.8,  ,
Dallas,AL,750.6,  ,
Calhoun,AL,751.4,  ,
Whitley,KY,753.4,  ,
Carroll,TN,754.5,  ,
Leslie,KY,758.2,  ,
Pemiscot,MO,765.5,  ,
Harlan,KY,770.5,  ,
Madison,LA,771.6,  ,
Catahoula,LA,772.4,  ,
Grenada,MS,776.7,  ,
Webster,MS,779.5,  ,
Perry,KY,780.3,  ,
Muskogee,OK,793.8,  ,
Neshoba,MS,795.6,  ,
Caldwell,LA,796.7,  ,
Cocke,TN,802.4,  ,
Wolfe,KY,817.6,  ,
Tunica,MS,824.9,  ,
Martinsville,VA,842.3,  ,
Leflore,MS,858.7,  ,
Covington,VA,867,  ,
Walker,AL,900.2,  ,
Breathitt,KY,907.9,  ,
Desha,AR,958.7,  ,
Franklin,LA,1028,  ,
County,State,Value,,
Bristol Bay,AK,Insufficient Data,  ,
Yakutat,AK,Insufficient Data,  ,
Saint Croix (County Equivalent),VI,Insufficient Data,  ,
Saint John (County Equivalent),VI,Insufficient Data,  ,
Saint Thomas (County Equivalent),VI,Insufficient Data,  ,